"REF_DATE","GEO","DGUID","Labour force characteristics","Sex","Age group","UOM","UOM_ID","SCALAR_FACTOR","SCALAR_ID","VECTOR","COORDINATE","VALUE","STATUS","SYMBOL","TERMINATED","DECIMALS"
"1976-01","Canada","2016A000011124","Employment","Both sexes","15 years and over","Persons","249","thousands","3","v2091072","1.3.1.1","9271.4","","","","1"
"1976-02","Canada","2016A000011124","Employment","Both sexes","15 years and over","Persons","249","thousands","3","v2091072","1.3.1.1","9324.5","","","","1"
"1976-03","Canada","2016A000011124","Employment","Both sexes","15 years and over","Persons","249","thousands","3","v2091072","1.3.1.1","9428.4","","","","1"
"1976-04","Canada","2016A000011124","Employment","Both sexes","15 years and over","Persons","249","thousands","3","v2091072","1.3.1.1","9503.0","","","","1"
"1976-05","Canada","2016A000011124","Employment","Both sexes","15 years and over","Persons","249","thousands","3","v2091072","1.3.1.1","9766.4","","","","1"
"1976-06","Canada","2016A000011124","Employment","Both sexes","15 years and over","Persons","249","thousands","3","v2091072","1.3.1.1","10030.9","","","","1"
"1976-07","Canada","2016A000011124","Employment","Both sexes","15 years and over","Persons","249","thousands","3","v2091072","1.3.1.1","10221.8","","","","1"
"1976-08","Canada","2016A000011124","Employment","Both sexes","15 years and over","Persons","249","thousands","3","v2091072","1.3.1.1","10206.6","","","","1"
"1976-09","Canada","2016A000011124","Employment","Both sexes","15 years and over","Persons","249","thousands","3","v2091072","1.3.1.1","9864.0","","","","1"
"1976-10","Canada","2016A000011124","Employment","Both sexes","15 years and over","Persons","249","thousands","3","v2091072","1.3.1.1","9844.1","","","","1"
"1976-11","Canada","2016A000011124","Employment","Both sexes","15 years and over","Persons","249","thousands","3","v2091072","1.3.1.1","9789.7","","","","1"
"1976-12","Canada","2016A000011124","Employment","Both sexes","15 years and over","Persons","249","thousands","3","v2091072","1.3.1.1","9719.1","","","","1"
"1977-01","Canada","2016A000011124","Employment","Both sexes","15 years and over","Persons","249","thousands","3","v2091072","1.3.1.1","9485.7","","","","1"
"1977-02","Canada","2016A000011124","Employment","Both sexes","15 years and over","Persons","249","thousands","3","v2091072","1.3.1.1","9534.7","","","","1"
"1977-03","Canada","2016A000011124","Employment","Both sexes","15 years and over","Persons","249","thousands","3","v2091072","1.3.1.1","9591.3","","","","1"
"1977-04","Canada","2016A000011124","Employment","Both sexes","15 years and over","Persons","249","thousands","3","v2091072","1.3.1.1","9649.1","","","","1"
"1977-05","Canada","2016A000011124","Employment","Both sexes","15 years and over","Persons","249","thousands","3","v2091072","1.3.1.1","9996.2","","","","1"
"1977-06","Canada","2016A000011124","Employment","Both sexes","15 years and over","Persons","249","thousands","3","v2091072","1.3.1.1","10183.0","","","","1"
"1977-07","Canada","2016A000011124","Employment","Both sexes","15 years and over","Persons","249","thousands","3","v2091072","1.3.1.1","10373.3","","","","1"
"1977-08","Canada","2016A000011124","Employment","Both sexes","15 years and over","Persons","249","thousands","3","v2091072","1.3.1.1","10369.5","","","","1"
"1977-09","Canada","2016A000011124","Employment","Both sexes","15 years and over","Persons","249","thousands","3","v2091072","1.3.1.1","10004.4","","","","1"
"1977-10","Canada","2016A000011124","Employment","Both sexes","15 years and over","Persons","249","thousands","3","v2091072","1.3.1.1","10025.5","","","","1"
"1977-11","Canada","2016A000011124","Employment","Both sexes","15 years and over","Persons","249","thousands","3","v2091072","1.3.1.1","9939.6","","","","1"
"1977-12","Canada","2016A000011124","Employment","Both sexes","15 years and over","Persons","249","thousands","3","v2091072","1.3.1.1","9853.5","","","","1"
"1978-01","Canada","2016A000011124","Employment","Both sexes","15 years and over","Persons","249","thousands","3","v2091072","1.3.1.1","9625.0","","","","1"
"1978-02","Canada","2016A000011124","Employment","Both sexes","15 years and over","Persons","249","thousands","3","v2091072","1.3.1.1","9728.8","","","","1"
"1978-03","Canada","2016A000011124","Employment","Both sexes","15 years and over","Persons","249","thousands","3","v2091072","1.3.1.1","9828.7","","","","1"
"1978-04","Canada","2016A000011124","Employment","Both sexes","15 years and over","Persons","249","thousands","3","v2091072","1.3.1.1","9877.5","","","","1"
"1978-05","Canada","2016A000011124","Employment","Both sexes","15 years and over","Persons","249","thousands","3","v2091072","1.3.1.1","10224.0","","","","1"
"1978-06","Canada","2016A000011124","Employment","Both sexes","15 years and over","Persons","249","thousands","3","v2091072","1.3.1.1","10481.7","","","","1"
"1978-07","Canada","2016A000011124","Employment","Both sexes","15 years and over","Persons","249","thousands","3","v2091072","1.3.1.1","10723.9","","","","1"
"1978-08","Canada","2016A000011124","Employment","Both sexes","15 years and over","Persons","249","thousands","3","v2091072","1.3.1.1","10732.1","","","","1"
"1978-09","Canada","2016A000011124","Employment","Both sexes","15 years and over","Persons","249","thousands","3","v2091072","1.3.1.1","10371.1","","","","1"
"1978-10","Canada","2016A000011124","Employment","Both sexes","15 years and over","Persons","249","thousands","3","v2091072","1.3.1.1","10433.8","","","","1"
"1978-11","Canada","2016A000011124","Employment","Both sexes","15 years and over","Persons","249","thousands","3","v2091072","1.3.1.1","10350.3","","","","1"
"1978-12","Canada","2016A000011124","Employment","Both sexes","15 years and over","Persons","249","thousands","3","v2091072","1.3.1.1","10266.5","","","","1"
"1979-01","Canada","2016A000011124","Employment","Both sexes","15 years and over","Persons","249","thousands","3","v2091072","1.3.1.1","10075.5","","","","1"
"1979-02","Canada","2016A000011124","Employment","Both sexes","15 years and over","Persons","249","thousands","3","v2091072","1.3.1.1","10145.4","","","","1"
"1979-03","Canada","2016A000011124","Employment","Both sexes","15 years and over","Persons","249","thousands","3","v2091072","1.3.1.1","10264.2","","","","1"
"1979-04","Canada","2016A000011124","Employment","Both sexes","15 years and over","Persons","249","thousands","3","v2091072","1.3.1.1","10343.8","","","","1"
"1979-05","Canada","2016A000011124","Employment","Both sexes","15 years and over","Persons","249","thousands","3","v2091072","1.3.1.1","10684.2","","","","1"
"1979-06","Canada","2016A000011124","Employment","Both sexes","15 years and over","Persons","249","thousands","3","v2091072","1.3.1.1","10923.1","","","","1"
"1979-07","Canada","2016A000011124","Employment","Both sexes","15 years and over","Persons","249","thousands","3","v2091072","1.3.1.1","11199.3","","","","1"
"1979-08","Canada","2016A000011124","Employment","Both sexes","15 years and over","Persons","249","thousands","3","v2091072","1.3.1.1","11204.0","","","","1"
"1979-09","Canada","2016A000011124","Employment","Both sexes","15 years and over","Persons","249","thousands","3","v2091072","1.3.1.1","10819.8","","","","1"
"1979-10","Canada","2016A000011124","Employment","Both sexes","15 years and over","Persons","249","thousands","3","v2091072","1.3.1.1","10866.1","","","","1"
"1979-11","Canada","2016A000011124","Employment","Both sexes","15 years and over","Persons","249","thousands","3","v2091072","1.3.1.1","10798.4","","","","1"
"1979-12","Canada","2016A000011124","Employment","Both sexes","15 years and over","Persons","249","thousands","3","v2091072","1.3.1.1","10699.1","","","","1"
"1980-01","Canada","2016A000011124","Employment","Both sexes","15 years and over","Persons","249","thousands","3","v2091072","1.3.1.1","10508.8","","","","1"
"1980-02","Canada","2016A000011124","Employment","Both sexes","15 years and over","Persons","249","thousands","3","v2091072","1.3.1.1","10551.0","","","","1"
"1980-03","Canada","2016A000011124","Employment","Both sexes","15 years and over","Persons","249","thousands","3","v2091072","1.3.1.1","10629.6","","","","1"
"1980-04","Canada","2016A000011124","Employment","Both sexes","15 years and over","Persons","249","thousands","3","v2091072","1.3.1.1","10705.0","","","","1"
"1980-05","Canada","2016A000011124","Employment","Both sexes","15 years and over","Persons","249","thousands","3","v2091072","1.3.1.1","10952.9","","","","1"
"1980-06","Canada","2016A000011124","Employment","Both sexes","15 years and over","Persons","249","thousands","3","v2091072","1.3.1.1","11274.8","","","","1"
"1980-07","Canada","2016A000011124","Employment","Both sexes","15 years and over","Persons","249","thousands","3","v2091072","1.3.1.1","11425.7","","","","1"
"1980-08","Canada","2016A000011124","Employment","Both sexes","15 years and over","Persons","249","thousands","3","v2091072","1.3.1.1","11442.2","","","","1"
"1980-09","Canada","2016A000011124","Employment","Both sexes","15 years and over","Persons","249","thousands","3","v2091072","1.3.1.1","11123.3","","","","1"
"1980-10","Canada","2016A000011124","Employment","Both sexes","15 years and over","Persons","249","thousands","3","v2091072","1.3.1.1","11142.1","","","","1"
"1980-11","Canada","2016A000011124","Employment","Both sexes","15 years and over","Persons","249","thousands","3","v2091072","1.3.1.1","11083.3","","","","1"
"1980-12","Canada","2016A000011124","Employment","Both sexes","15 years and over","Persons","249","thousands","3","v2091072","1.3.1.1","10970.0","","","","1"
"1981-01","Canada","2016A000011124","Employment","Both sexes","15 years and over","Persons","249","thousands","3","v2091072","1.3.1.1","10806.4","","","","1"
"1981-02","Canada","2016A000011124","Employment","Both sexes","15 years and over","Persons","249","thousands","3","v2091072","1.3.1.1","10929.7","","","","1"
"1981-03","Canada","2016A000011124","Employment","Both sexes","15 years and over","Persons","249","thousands","3","v2091072","1.3.1.1","10984.9","","","","1"
"1981-04","Canada","2016A000011124","Employment","Both sexes","15 years and over","Persons","249","thousands","3","v2091072","1.3.1.1","11071.5","","","","1"
"1981-05","Canada","2016A000011124","Employment","Both sexes","15 years and over","Persons","249","thousands","3","v2091072","1.3.1.1","11405.1","","","","1"
"1981-06","Canada","2016A000011124","Employment","Both sexes","15 years and over","Persons","249","thousands","3","v2091072","1.3.1.1","11717.0","","","","1"
"1981-07","Canada","2016A000011124","Employment","Both sexes","15 years and over","Persons","249","thousands","3","v2091072","1.3.1.1","11835.7","","","","1"
"1981-08","Canada","2016A000011124","Employment","Both sexes","15 years and over","Persons","249","thousands","3","v2091072","1.3.1.1","11836.6","","","","1"
"1981-09","Canada","2016A000011124","Employment","Both sexes","15 years and over","Persons","249","thousands","3","v2091072","1.3.1.1","11399.9","","","","1"
"1981-10","Canada","2016A000011124","Employment","Both sexes","15 years and over","Persons","249","thousands","3","v2091072","1.3.1.1","11360.5","","","","1"
"1981-11","Canada","2016A000011124","Employment","Both sexes","15 years and over","Persons","249","thousands","3","v2091072","1.3.1.1","11247.1","","","","1"
"1981-12","Canada","2016A000011124","Employment","Both sexes","15 years and over","Persons","249","thousands","3","v2091072","1.3.1.1","11065.9","","","","1"
"1982-01","Canada","2016A000011124","Employment","Both sexes","15 years and over","Persons","249","thousands","3","v2091072","1.3.1.1","10801.5","","","","1"
"1982-02","Canada","2016A000011124","Employment","Both sexes","15 years and over","Persons","249","thousands","3","v2091072","1.3.1.1","10823.4","","","","1"
"1982-03","Canada","2016A000011124","Employment","Both sexes","15 years and over","Persons","249","thousands","3","v2091072","1.3.1.1","10858.1","","","","1"
"1982-04","Canada","2016A000011124","Employment","Both sexes","15 years and over","Persons","249","thousands","3","v2091072","1.3.1.1","10834.8","","","","1"
"1982-05","Canada","2016A000011124","Employment","Both sexes","15 years and over","Persons","249","thousands","3","v2091072","1.3.1.1","11078.7","","","","1"
"1982-06","Canada","2016A000011124","Employment","Both sexes","15 years and over","Persons","249","thousands","3","v2091072","1.3.1.1","11260.8","","","","1"
"1982-07","Canada","2016A000011124","Employment","Both sexes","15 years and over","Persons","249","thousands","3","v2091072","1.3.1.1","11355.3","","","","1"
"1982-08","Canada","2016A000011124","Employment","Both sexes","15 years and over","Persons","249","thousands","3","v2091072","1.3.1.1","11242.8","","","","1"
"1982-09","Canada","2016A000011124","Employment","Both sexes","15 years and over","Persons","249","thousands","3","v2091072","1.3.1.1","10879.0","","","","1"
"1982-10","Canada","2016A000011124","Employment","Both sexes","15 years and over","Persons","249","thousands","3","v2091072","1.3.1.1","10852.6","","","","1"
"1982-11","Canada","2016A000011124","Employment","Both sexes","15 years and over","Persons","249","thousands","3","v2091072","1.3.1.1","10721.9","","","","1"
"1982-12","Canada","2016A000011124","Employment","Both sexes","15 years and over","Persons","249","thousands","3","v2091072","1.3.1.1","10615.1","","","","1"
"1983-01","Canada","2016A000011124","Employment","Both sexes","15 years and over","Persons","249","thousands","3","v2091072","1.3.1.1","10400.1","","","","1"
"1983-02","Canada","2016A000011124","Employment","Both sexes","15 years and over","Persons","249","thousands","3","v2091072","1.3.1.1","10484.0","","","","1"
"1983-03","Canada","2016A000011124","Employment","Both sexes","15 years and over","Persons","249","thousands","3","v2091072","1.3.1.1","10600.5","","","","1"
"1983-04","Canada","2016A000011124","Employment","Both sexes","15 years and over","Persons","249","thousands","3","v2091072","1.3.1.1","10692.2","","","","1"
"1983-05","Canada","2016A000011124","Employment","Both sexes","15 years and over","Persons","249","thousands","3","v2091072","1.3.1.1","11058.4","","","","1"
"1983-06","Canada","2016A000011124","Employment","Both sexes","15 years and over","Persons","249","thousands","3","v2091072","1.3.1.1","11336.4","","","","1"
"1983-07","Canada","2016A000011124","Employment","Both sexes","15 years and over","Persons","249","thousands","3","v2091072","1.3.1.1","11535.9","","","","1"
"1983-08","Canada","2016A000011124","Employment","Both sexes","15 years and over","Persons","249","thousands","3","v2091072","1.3.1.1","11540.9","","","","1"
"1983-09","Canada","2016A000011124","Employment","Both sexes","15 years and over","Persons","249","thousands","3","v2091072","1.3.1.1","11245.2","","","","1"
"1983-10","Canada","2016A000011124","Employment","Both sexes","15 years and over","Persons","249","thousands","3","v2091072","1.3.1.1","11229.2","","","","1"
"1983-11","Canada","2016A000011124","Employment","Both sexes","15 years and over","Persons","249","thousands","3","v2091072","1.3.1.1","11114.9","","","","1"
"1983-12","Canada","2016A000011124","Employment","Both sexes","15 years and over","Persons","249","thousands","3","v2091072","1.3.1.1","11026.3","","","","1"
"1984-01","Canada","2016A000011124","Employment","Both sexes","15 years and over","Persons","249","thousands","3","v2091072","1.3.1.1","10756.2","","","","1"
"1984-02","Canada","2016A000011124","Employment","Both sexes","15 years and over","Persons","249","thousands","3","v2091072","1.3.1.1","10863.8","","","","1"
"1984-03","Canada","2016A000011124","Employment","Both sexes","15 years and over","Persons","249","thousands","3","v2091072","1.3.1.1","10926.7","","","","1"
"1984-04","Canada","2016A000011124","Employment","Both sexes","15 years and over","Persons","249","thousands","3","v2091072","1.3.1.1","10988.6","","","","1"
"1984-05","Canada","2016A000011124","Employment","Both sexes","15 years and over","Persons","249","thousands","3","v2091072","1.3.1.1","11346.3","","","","1"
"1984-06","Canada","2016A000011124","Employment","Both sexes","15 years and over","Persons","249","thousands","3","v2091072","1.3.1.1","11619.7","","","","1"
"1984-07","Canada","2016A000011124","Employment","Both sexes","15 years and over","Persons","249","thousands","3","v2091072","1.3.1.1","11839.9","","","","1"
"1984-08","Canada","2016A000011124","Employment","Both sexes","15 years and over","Persons","249","thousands","3","v2091072","1.3.1.1","11774.6","","","","1"
"1984-09","Canada","2016A000011124","Employment","Both sexes","15 years and over","Persons","249","thousands","3","v2091072","1.3.1.1","11439.7","","","","1"
"1984-10","Canada","2016A000011124","Employment","Both sexes","15 years and over","Persons","249","thousands","3","v2091072","1.3.1.1","11446.4","","","","1"
"1984-11","Canada","2016A000011124","Employment","Both sexes","15 years and over","Persons","249","thousands","3","v2091072","1.3.1.1","11337.6","","","","1"
"1984-12","Canada","2016A000011124","Employment","Both sexes","15 years and over","Persons","249","thousands","3","v2091072","1.3.1.1","11281.3","","","","1"
"1985-01","Canada","2016A000011124","Employment","Both sexes","15 years and over","Persons","249","thousands","3","v2091072","1.3.1.1","11106.5","","","","1"
"1985-02","Canada","2016A000011124","Employment","Both sexes","15 years and over","Persons","249","thousands","3","v2091072","1.3.1.1","11164.5","","","","1"
"1985-03","Canada","2016A000011124","Employment","Both sexes","15 years and over","Persons","249","thousands","3","v2091072","1.3.1.1","11248.2","","","","1"
"1985-04","Canada","2016A000011124","Employment","Both sexes","15 years and over","Persons","249","thousands","3","v2091072","1.3.1.1","11359.7","","","","1"
"1985-05","Canada","2016A000011124","Employment","Both sexes","15 years and over","Persons","249","thousands","3","v2091072","1.3.1.1","11717.2","","","","1"
"1985-06","Canada","2016A000011124","Employment","Both sexes","15 years and over","Persons","249","thousands","3","v2091072","1.3.1.1","11925.3","","","","1"
"1985-07","Canada","2016A000011124","Employment","Both sexes","15 years and over","Persons","249","thousands","3","v2091072","1.3.1.1","12155.7","","","","1"
"1985-08","Canada","2016A000011124","Employment","Both sexes","15 years and over","Persons","249","thousands","3","v2091072","1.3.1.1","12139.3","","","","1"
"1985-09","Canada","2016A000011124","Employment","Both sexes","15 years and over","Persons","249","thousands","3","v2091072","1.3.1.1","11794.8","","","","1"
"1985-10","Canada","2016A000011124","Employment","Both sexes","15 years and over","Persons","249","thousands","3","v2091072","1.3.1.1","11811.2","","","","1"
"1985-11","Canada","2016A000011124","Employment","Both sexes","15 years and over","Persons","249","thousands","3","v2091072","1.3.1.1","11764.0","","","","1"
"1985-12","Canada","2016A000011124","Employment","Both sexes","15 years and over","Persons","249","thousands","3","v2091072","1.3.1.1","11709.6","","","","1"
"1986-01","Canada","2016A000011124","Employment","Both sexes","15 years and over","Persons","249","thousands","3","v2091072","1.3.1.1","11523.4","","","","1"
"1986-02","Canada","2016A000011124","Employment","Both sexes","15 years and over","Persons","249","thousands","3","v2091072","1.3.1.1","11579.2","","","","1"
"1986-03","Canada","2016A000011124","Employment","Both sexes","15 years and over","Persons","249","thousands","3","v2091072","1.3.1.1","11645.3","","","","1"
"1986-04","Canada","2016A000011124","Employment","Both sexes","15 years and over","Persons","249","thousands","3","v2091072","1.3.1.1","11791.8","","","","1"
"1986-05","Canada","2016A000011124","Employment","Both sexes","15 years and over","Persons","249","thousands","3","v2091072","1.3.1.1","12080.7","","","","1"
"1986-06","Canada","2016A000011124","Employment","Both sexes","15 years and over","Persons","249","thousands","3","v2091072","1.3.1.1","12373.4","","","","1"
"1986-07","Canada","2016A000011124","Employment","Both sexes","15 years and over","Persons","249","thousands","3","v2091072","1.3.1.1","12480.7","","","","1"
"1986-08","Canada","2016A000011124","Employment","Both sexes","15 years and over","Persons","249","thousands","3","v2091072","1.3.1.1","12452.3","","","","1"
"1986-09","Canada","2016A000011124","Employment","Both sexes","15 years and over","Persons","249","thousands","3","v2091072","1.3.1.1","12102.2","","","","1"
"1986-10","Canada","2016A000011124","Employment","Both sexes","15 years and over","Persons","249","thousands","3","v2091072","1.3.1.1","12116.3","","","","1"
"1986-11","Canada","2016A000011124","Employment","Both sexes","15 years and over","Persons","249","thousands","3","v2091072","1.3.1.1","12026.0","","","","1"
"1986-12","Canada","2016A000011124","Employment","Both sexes","15 years and over","Persons","249","thousands","3","v2091072","1.3.1.1","11930.8","","","","1"
"1987-01","Canada","2016A000011124","Employment","Both sexes","15 years and over","Persons","249","thousands","3","v2091072","1.3.1.1","11714.4","","","","1"
"1987-02","Canada","2016A000011124","Employment","Both sexes","15 years and over","Persons","249","thousands","3","v2091072","1.3.1.1","11794.0","","","","1"
"1987-03","Canada","2016A000011124","Employment","Both sexes","15 years and over","Persons","249","thousands","3","v2091072","1.3.1.1","11881.9","","","","1"
"1987-04","Canada","2016A000011124","Employment","Both sexes","15 years and over","Persons","249","thousands","3","v2091072","1.3.1.1","12011.1","","","","1"
"1987-05","Canada","2016A000011124","Employment","Both sexes","15 years and over","Persons","249","thousands","3","v2091072","1.3.1.1","12383.7","","","","1"
"1987-06","Canada","2016A000011124","Employment","Both sexes","15 years and over","Persons","249","thousands","3","v2091072","1.3.1.1","12666.0","","","","1"
"1987-07","Canada","2016A000011124","Employment","Both sexes","15 years and over","Persons","249","thousands","3","v2091072","1.3.1.1","12799.4","","","","1"
"1987-08","Canada","2016A000011124","Employment","Both sexes","15 years and over","Persons","249","thousands","3","v2091072","1.3.1.1","12808.8","","","","1"
"1987-09","Canada","2016A000011124","Employment","Both sexes","15 years and over","Persons","249","thousands","3","v2091072","1.3.1.1","12489.8","","","","1"
"1987-10","Canada","2016A000011124","Employment","Both sexes","15 years and over","Persons","249","thousands","3","v2091072","1.3.1.1","12550.0","","","","1"
"1987-11","Canada","2016A000011124","Employment","Both sexes","15 years and over","Persons","249","thousands","3","v2091072","1.3.1.1","12464.4","","","","1"
"1987-12","Canada","2016A000011124","Employment","Both sexes","15 years and over","Persons","249","thousands","3","v2091072","1.3.1.1","12432.9","","","","1"
"1988-01","Canada","2016A000011124","Employment","Both sexes","15 years and over","Persons","249","thousands","3","v2091072","1.3.1.1","12199.5","","","","1"
"1988-02","Canada","2016A000011124","Employment","Both sexes","15 years and over","Persons","249","thousands","3","v2091072","1.3.1.1","12302.6","","","","1"
"1988-03","Canada","2016A000011124","Employment","Both sexes","15 years and over","Persons","249","thousands","3","v2091072","1.3.1.1","12362.0","","","","1"
"1988-04","Canada","2016A000011124","Employment","Both sexes","15 years and over","Persons","249","thousands","3","v2091072","1.3.1.1","12440.6","","","","1"
"1988-05","Canada","2016A000011124","Employment","Both sexes","15 years and over","Persons","249","thousands","3","v2091072","1.3.1.1","12809.2","","","","1"
"1988-06","Canada","2016A000011124","Employment","Both sexes","15 years and over","Persons","249","thousands","3","v2091072","1.3.1.1","13025.3","","","","1"
"1988-07","Canada","2016A000011124","Employment","Both sexes","15 years and over","Persons","249","thousands","3","v2091072","1.3.1.1","13157.2","","","","1"
"1988-08","Canada","2016A000011124","Employment","Both sexes","15 years and over","Persons","249","thousands","3","v2091072","1.3.1.1","13127.2","","","","1"
"1988-09","Canada","2016A000011124","Employment","Both sexes","15 years and over","Persons","249","thousands","3","v2091072","1.3.1.1","12806.4","","","","1"
"1988-10","Canada","2016A000011124","Employment","Both sexes","15 years and over","Persons","249","thousands","3","v2091072","1.3.1.1","12842.2","","","","1"
"1988-11","Canada","2016A000011124","Employment","Both sexes","15 years and over","Persons","249","thousands","3","v2091072","1.3.1.1","12743.4","","","","1"
"1988-12","Canada","2016A000011124","Employment","Both sexes","15 years and over","Persons","249","thousands","3","v2091072","1.3.1.1","12699.4","","","","1"
"1989-01","Canada","2016A000011124","Employment","Both sexes","15 years and over","Persons","249","thousands","3","v2091072","1.3.1.1","12551.9","","","","1"
"1989-02","Canada","2016A000011124","Employment","Both sexes","15 years and over","Persons","249","thousands","3","v2091072","1.3.1.1","12595.3","","","","1"
"1989-03","Canada","2016A000011124","Employment","Both sexes","15 years and over","Persons","249","thousands","3","v2091072","1.3.1.1","12678.1","","","","1"
"1989-04","Canada","2016A000011124","Employment","Both sexes","15 years and over","Persons","249","thousands","3","v2091072","1.3.1.1","12711.9","","","","1"
"1989-05","Canada","2016A000011124","Employment","Both sexes","15 years and over","Persons","249","thousands","3","v2091072","1.3.1.1","13076.3","","","","1"
"1989-06","Canada","2016A000011124","Employment","Both sexes","15 years and over","Persons","249","thousands","3","v2091072","1.3.1.1","13301.5","","","","1"
"1989-07","Canada","2016A000011124","Employment","Both sexes","15 years and over","Persons","249","thousands","3","v2091072","1.3.1.1","13424.4","","","","1"
"1989-08","Canada","2016A000011124","Employment","Both sexes","15 years and over","Persons","249","thousands","3","v2091072","1.3.1.1","13448.1","","","","1"
"1989-09","Canada","2016A000011124","Employment","Both sexes","15 years and over","Persons","249","thousands","3","v2091072","1.3.1.1","13114.4","","","","1"
"1989-10","Canada","2016A000011124","Employment","Both sexes","15 years and over","Persons","249","thousands","3","v2091072","1.3.1.1","13121.0","","","","1"
"1989-11","Canada","2016A000011124","Employment","Both sexes","15 years and over","Persons","249","thousands","3","v2091072","1.3.1.1","13004.3","","","","1"
"1989-12","Canada","2016A000011124","Employment","Both sexes","15 years and over","Persons","249","thousands","3","v2091072","1.3.1.1","12926.7","","","","1"
"1990-01","Canada","2016A000011124","Employment","Both sexes","15 years and over","Persons","249","thousands","3","v2091072","1.3.1.1","12717.8","","","","1"
"1990-02","Canada","2016A000011124","Employment","Both sexes","15 years and over","Persons","249","thousands","3","v2091072","1.3.1.1","12787.5","","","","1"
"1990-03","Canada","2016A000011124","Employment","Both sexes","15 years and over","Persons","249","thousands","3","v2091072","1.3.1.1","12815.8","","","","1"
"1990-04","Canada","2016A000011124","Employment","Both sexes","15 years and over","Persons","249","thousands","3","v2091072","1.3.1.1","12924.1","","","","1"
"1990-05","Canada","2016A000011124","Employment","Both sexes","15 years and over","Persons","249","thousands","3","v2091072","1.3.1.1","13202.1","","","","1"
"1990-06","Canada","2016A000011124","Employment","Both sexes","15 years and over","Persons","249","thousands","3","v2091072","1.3.1.1","13448.6","","","","1"
"1990-07","Canada","2016A000011124","Employment","Both sexes","15 years and over","Persons","249","thousands","3","v2091072","1.3.1.1","13568.0","","","","1"
"1990-08","Canada","2016A000011124","Employment","Both sexes","15 years and over","Persons","249","thousands","3","v2091072","1.3.1.1","13515.8","","","","1"
"1990-09","Canada","2016A000011124","Employment","Both sexes","15 years and over","Persons","249","thousands","3","v2091072","1.3.1.1","13186.6","","","","1"
"1990-10","Canada","2016A000011124","Employment","Both sexes","15 years and over","Persons","249","thousands","3","v2091072","1.3.1.1","13138.5","","","","1"
"1990-11","Canada","2016A000011124","Employment","Both sexes","15 years and over","Persons","249","thousands","3","v2091072","1.3.1.1","12935.7","","","","1"
"1990-12","Canada","2016A000011124","Employment","Both sexes","15 years and over","Persons","249","thousands","3","v2091072","1.3.1.1","12796.2","","","","1"
"1991-01","Canada","2016A000011124","Employment","Both sexes","15 years and over","Persons","249","thousands","3","v2091072","1.3.1.1","12508.9","","","","1"
"1991-02","Canada","2016A000011124","Employment","Both sexes","15 years and over","Persons","249","thousands","3","v2091072","1.3.1.1","12504.2","","","","1"
"1991-03","Canada","2016A000011124","Employment","Both sexes","15 years and over","Persons","249","thousands","3","v2091072","1.3.1.1","12507.4","","","","1"
"1991-04","Canada","2016A000011124","Employment","Both sexes","15 years and over","Persons","249","thousands","3","v2091072","1.3.1.1","12626.7","","","","1"
"1991-05","Canada","2016A000011124","Employment","Both sexes","15 years and over","Persons","249","thousands","3","v2091072","1.3.1.1","12969.7","","","","1"
"1991-06","Canada","2016A000011124","Employment","Both sexes","15 years and over","Persons","249","thousands","3","v2091072","1.3.1.1","13189.3","","","","1"
"1991-07","Canada","2016A000011124","Employment","Both sexes","15 years and over","Persons","249","thousands","3","v2091072","1.3.1.1","13309.4","","","","1"
"1991-08","Canada","2016A000011124","Employment","Both sexes","15 years and over","Persons","249","thousands","3","v2091072","1.3.1.1","13281.1","","","","1"
"1991-09","Canada","2016A000011124","Employment","Both sexes","15 years and over","Persons","249","thousands","3","v2091072","1.3.1.1","12969.7","","","","1"
"1991-10","Canada","2016A000011124","Employment","Both sexes","15 years and over","Persons","249","thousands","3","v2091072","1.3.1.1","12966.8","","","","1"
"1991-11","Canada","2016A000011124","Employment","Both sexes","15 years and over","Persons","249","thousands","3","v2091072","1.3.1.1","12782.4","","","","1"
"1991-12","Canada","2016A000011124","Employment","Both sexes","15 years and over","Persons","249","thousands","3","v2091072","1.3.1.1","12672.7","","","","1"
"1992-01","Canada","2016A000011124","Employment","Both sexes","15 years and over","Persons","249","thousands","3","v2091072","1.3.1.1","12396.8","","","","1"
"1992-02","Canada","2016A000011124","Employment","Both sexes","15 years and over","Persons","249","thousands","3","v2091072","1.3.1.1","12432.8","","","","1"
"1992-03","Canada","2016A000011124","Employment","Both sexes","15 years and over","Persons","249","thousands","3","v2091072","1.3.1.1","12424.6","","","","1"
"1992-04","Canada","2016A000011124","Employment","Both sexes","15 years and over","Persons","249","thousands","3","v2091072","1.3.1.1","12490.1","","","","1"
"1992-05","Canada","2016A000011124","Employment","Both sexes","15 years and over","Persons","249","thousands","3","v2091072","1.3.1.1","12814.6","","","","1"
"1992-06","Canada","2016A000011124","Employment","Both sexes","15 years and over","Persons","249","thousands","3","v2091072","1.3.1.1","13067.2","","","","1"
"1992-07","Canada","2016A000011124","Employment","Both sexes","15 years and over","Persons","249","thousands","3","v2091072","1.3.1.1","13153.9","","","","1"
"1992-08","Canada","2016A000011124","Employment","Both sexes","15 years and over","Persons","249","thousands","3","v2091072","1.3.1.1","13097.2","","","","1"
"1992-09","Canada","2016A000011124","Employment","Both sexes","15 years and over","Persons","249","thousands","3","v2091072","1.3.1.1","12815.3","","","","1"
"1992-10","Canada","2016A000011124","Employment","Both sexes","15 years and over","Persons","249","thousands","3","v2091072","1.3.1.1","12819.5","","","","1"
"1992-11","Canada","2016A000011124","Employment","Both sexes","15 years and over","Persons","249","thousands","3","v2091072","1.3.1.1","12671.3","","","","1"
"1992-12","Canada","2016A000011124","Employment","Both sexes","15 years and over","Persons","249","thousands","3","v2091072","1.3.1.1","12587.8","","","","1"
"1993-01","Canada","2016A000011124","Employment","Both sexes","15 years and over","Persons","249","thousands","3","v2091072","1.3.1.1","12346.3","","","","1"
"1993-02","Canada","2016A000011124","Employment","Both sexes","15 years and over","Persons","249","thousands","3","v2091072","1.3.1.1","12425.7","","","","1"
"1993-03","Canada","2016A000011124","Employment","Both sexes","15 years and over","Persons","249","thousands","3","v2091072","1.3.1.1","12465.5","","","","1"
"1993-04","Canada","2016A000011124","Employment","Both sexes","15 years and over","Persons","249","thousands","3","v2091072","1.3.1.1","12496.8","","","","1"
"1993-05","Canada","2016A000011124","Employment","Both sexes","15 years and over","Persons","249","thousands","3","v2091072","1.3.1.1","12829.3","","","","1"
"1993-06","Canada","2016A000011124","Employment","Both sexes","15 years and over","Persons","249","thousands","3","v2091072","1.3.1.1","13123.5","","","","1"
"1993-07","Canada","2016A000011124","Employment","Both sexes","15 years and over","Persons","249","thousands","3","v2091072","1.3.1.1","13202.9","","","","1"
"1993-08","Canada","2016A000011124","Employment","Both sexes","15 years and over","Persons","249","thousands","3","v2091072","1.3.1.1","13177.6","","","","1"
"1993-09","Canada","2016A000011124","Employment","Both sexes","15 years and over","Persons","249","thousands","3","v2091072","1.3.1.1","12954.7","","","","1"
"1993-10","Canada","2016A000011124","Employment","Both sexes","15 years and over","Persons","249","thousands","3","v2091072","1.3.1.1","12926.8","","","","1"
"1993-11","Canada","2016A000011124","Employment","Both sexes","15 years and over","Persons","249","thousands","3","v2091072","1.3.1.1","12844.7","","","","1"
"1993-12","Canada","2016A000011124","Employment","Both sexes","15 years and over","Persons","249","thousands","3","v2091072","1.3.1.1","12719.2","","","","1"
"1994-01","Canada","2016A000011124","Employment","Both sexes","15 years and over","Persons","249","thousands","3","v2091072","1.3.1.1","12440.5","","","","1"
"1994-02","Canada","2016A000011124","Employment","Both sexes","15 years and over","Persons","249","thousands","3","v2091072","1.3.1.1","12555.2","","","","1"
"1994-03","Canada","2016A000011124","Employment","Both sexes","15 years and over","Persons","249","thousands","3","v2091072","1.3.1.1","12620.1","","","","1"
"1994-04","Canada","2016A000011124","Employment","Both sexes","15 years and over","Persons","249","thousands","3","v2091072","1.3.1.1","12683.0","","","","1"
"1994-05","Canada","2016A000011124","Employment","Both sexes","15 years and over","Persons","249","thousands","3","v2091072","1.3.1.1","13124.4","","","","1"
"1994-06","Canada","2016A000011124","Employment","Both sexes","15 years and over","Persons","249","thousands","3","v2091072","1.3.1.1","13378.5","","","","1"
"1994-07","Canada","2016A000011124","Employment","Both sexes","15 years and over","Persons","249","thousands","3","v2091072","1.3.1.1","13507.4","","","","1"
"1994-08","Canada","2016A000011124","Employment","Both sexes","15 years and over","Persons","249","thousands","3","v2091072","1.3.1.1","13494.1","","","","1"
"1994-09","Canada","2016A000011124","Employment","Both sexes","15 years and over","Persons","249","thousands","3","v2091072","1.3.1.1","13290.1","","","","1"
"1994-10","Canada","2016A000011124","Employment","Both sexes","15 years and over","Persons","249","thousands","3","v2091072","1.3.1.1","13261.5","","","","1"
"1994-11","Canada","2016A000011124","Employment","Both sexes","15 years and over","Persons","249","thousands","3","v2091072","1.3.1.1","13227.1","","","","1"
"1994-12","Canada","2016A000011124","Employment","Both sexes","15 years and over","Persons","249","thousands","3","v2091072","1.3.1.1","13123.0","","","","1"
"1995-01","Canada","2016A000011124","Employment","Both sexes","15 years and over","Persons","249","thousands","3","v2091072","1.3.1.1","12894.4","","","","1"
"1995-02","Canada","2016A000011124","Employment","Both sexes","15 years and over","Persons","249","thousands","3","v2091072","1.3.1.1","12925.9","","","","1"
"1995-03","Canada","2016A000011124","Employment","Both sexes","15 years and over","Persons","249","thousands","3","v2091072","1.3.1.1","12985.1","","","","1"
"1995-04","Canada","2016A000011124","Employment","Both sexes","15 years and over","Persons","249","thousands","3","v2091072","1.3.1.1","13005.6","","","","1"
"1995-05","Canada","2016A000011124","Employment","Both sexes","15 years and over","Persons","249","thousands","3","v2091072","1.3.1.1","13372.4","","","","1"
"1995-06","Canada","2016A000011124","Employment","Both sexes","15 years and over","Persons","249","thousands","3","v2091072","1.3.1.1","13605.7","","","","1"
"1995-07","Canada","2016A000011124","Employment","Both sexes","15 years and over","Persons","249","thousands","3","v2091072","1.3.1.1","13678.5","","","","1"
"1995-08","Canada","2016A000011124","Employment","Both sexes","15 years and over","Persons","249","thousands","3","v2091072","1.3.1.1","13676.7","","","","1"
"1995-09","Canada","2016A000011124","Employment","Both sexes","15 years and over","Persons","249","thousands","3","v2091072","1.3.1.1","13445.3","","","","1"
"1995-10","Canada","2016A000011124","Employment","Both sexes","15 years and over","Persons","249","thousands","3","v2091072","1.3.1.1","13431.3","","","","1"
"1995-11","Canada","2016A000011124","Employment","Both sexes","15 years and over","Persons","249","thousands","3","v2091072","1.3.1.1","13283.5","","","","1"
"1995-12","Canada","2016A000011124","Employment","Both sexes","15 years and over","Persons","249","thousands","3","v2091072","1.3.1.1","13240.2","","","","1"
"1996-01","Canada","2016A000011124","Employment","Both sexes","15 years and over","Persons","249","thousands","3","v2091072","1.3.1.1","12997.9","","","","1"
"1996-02","Canada","2016A000011124","Employment","Both sexes","15 years and over","Persons","249","thousands","3","v2091072","1.3.1.1","13067.6","","","","1"
"1996-03","Canada","2016A000011124","Employment","Both sexes","15 years and over","Persons","249","thousands","3","v2091072","1.3.1.1","13086.3","","","","1"
"1996-04","Canada","2016A000011124","Employment","Both sexes","15 years and over","Persons","249","thousands","3","v2091072","1.3.1.1","13179.8","","","","1"
"1996-05","Canada","2016A000011124","Employment","Both sexes","15 years and over","Persons","249","thousands","3","v2091072","1.3.1.1","13521.0","","","","1"
"1996-06","Canada","2016A000011124","Employment","Both sexes","15 years and over","Persons","249","thousands","3","v2091072","1.3.1.1","13717.2","","","","1"
"1996-07","Canada","2016A000011124","Employment","Both sexes","15 years and over","Persons","249","thousands","3","v2091072","1.3.1.1","13841.4","","","","1"
"1996-08","Canada","2016A000011124","Employment","Both sexes","15 years and over","Persons","249","thousands","3","v2091072","1.3.1.1","13839.0","","","","1"
"1996-09","Canada","2016A000011124","Employment","Both sexes","15 years and over","Persons","249","thousands","3","v2091072","1.3.1.1","13531.6","","","","1"
"1996-10","Canada","2016A000011124","Employment","Both sexes","15 years and over","Persons","249","thousands","3","v2091072","1.3.1.1","13486.8","","","","1"
"1996-11","Canada","2016A000011124","Employment","Both sexes","15 years and over","Persons","249","thousands","3","v2091072","1.3.1.1","13403.9","","","","1"
"1996-12","Canada","2016A000011124","Employment","Both sexes","15 years and over","Persons","249","thousands","3","v2091072","1.3.1.1","13369.1","","","","1"
"1997-01","Canada","2016A000011124","Employment","Both sexes","15 years and over","Persons","249","thousands","3","v2091072","1.3.1.1","13147.7","","","","1"
"1997-02","Canada","2016A000011124","Employment","Both sexes","15 years and over","Persons","249","thousands","3","v2091072","1.3.1.1","13215.3","","","","1"
"1997-03","Canada","2016A000011124","Employment","Both sexes","15 years and over","Persons","249","thousands","3","v2091072","1.3.1.1","13289.6","","","","1"
"1997-04","Canada","2016A000011124","Employment","Both sexes","15 years and over","Persons","249","thousands","3","v2091072","1.3.1.1","13355.9","","","","1"
"1997-05","Canada","2016A000011124","Employment","Both sexes","15 years and over","Persons","249","thousands","3","v2091072","1.3.1.1","13732.9","","","","1"
"1997-06","Canada","2016A000011124","Employment","Both sexes","15 years and over","Persons","249","thousands","3","v2091072","1.3.1.1","14040.7","","","","1"
"1997-07","Canada","2016A000011124","Employment","Both sexes","15 years and over","Persons","249","thousands","3","v2091072","1.3.1.1","14117.3","","","","1"
"1997-08","Canada","2016A000011124","Employment","Both sexes","15 years and over","Persons","249","thousands","3","v2091072","1.3.1.1","14172.5","","","","1"
"1997-09","Canada","2016A000011124","Employment","Both sexes","15 years and over","Persons","249","thousands","3","v2091072","1.3.1.1","13923.8","","","","1"
"1997-10","Canada","2016A000011124","Employment","Both sexes","15 years and over","Persons","249","thousands","3","v2091072","1.3.1.1","13901.5","","","","1"
"1997-11","Canada","2016A000011124","Employment","Both sexes","15 years and over","Persons","249","thousands","3","v2091072","1.3.1.1","13820.2","","","","1"
"1997-12","Canada","2016A000011124","Employment","Both sexes","15 years and over","Persons","249","thousands","3","v2091072","1.3.1.1","13780.6","","","","1"
"1998-01","Canada","2016A000011124","Employment","Both sexes","15 years and over","Persons","249","thousands","3","v2091072","1.3.1.1","13474.6","","","","1"
"1998-02","Canada","2016A000011124","Employment","Both sexes","15 years and over","Persons","249","thousands","3","v2091072","1.3.1.1","13597.2","","","","1"
"1998-03","Canada","2016A000011124","Employment","Both sexes","15 years and over","Persons","249","thousands","3","v2091072","1.3.1.1","13654.9","","","","1"
"1998-04","Canada","2016A000011124","Employment","Both sexes","15 years and over","Persons","249","thousands","3","v2091072","1.3.1.1","13766.5","","","","1"
"1998-05","Canada","2016A000011124","Employment","Both sexes","15 years and over","Persons","249","thousands","3","v2091072","1.3.1.1","14091.5","","","","1"
"1998-06","Canada","2016A000011124","Employment","Both sexes","15 years and over","Persons","249","thousands","3","v2091072","1.3.1.1","14341.2","","","","1"
"1998-07","Canada","2016A000011124","Employment","Both sexes","15 years and over","Persons","249","thousands","3","v2091072","1.3.1.1","14441.0","","","","1"
"1998-08","Canada","2016A000011124","Employment","Both sexes","15 years and over","Persons","249","thousands","3","v2091072","1.3.1.1","14468.4","","","","1"
"1998-09","Canada","2016A000011124","Employment","Both sexes","15 years and over","Persons","249","thousands","3","v2091072","1.3.1.1","14235.5","","","","1"
"1998-10","Canada","2016A000011124","Employment","Both sexes","15 years and over","Persons","249","thousands","3","v2091072","1.3.1.1","14224.5","","","","1"
"1998-11","Canada","2016A000011124","Employment","Both sexes","15 years and over","Persons","249","thousands","3","v2091072","1.3.1.1","14162.4","","","","1"
"1998-12","Canada","2016A000011124","Employment","Both sexes","15 years and over","Persons","249","thousands","3","v2091072","1.3.1.1","14106.4","","","","1"
"1999-01","Canada","2016A000011124","Employment","Both sexes","15 years and over","Persons","249","thousands","3","v2091072","1.3.1.1","13881.5","","","","1"
"1999-02","Canada","2016A000011124","Employment","Both sexes","15 years and over","Persons","249","thousands","3","v2091072","1.3.1.1","13952.6","","","","1"
"1999-03","Canada","2016A000011124","Employment","Both sexes","15 years and over","Persons","249","thousands","3","v2091072","1.3.1.1","13988.3","","","","1"
"1999-04","Canada","2016A000011124","Employment","Both sexes","15 years and over","Persons","249","thousands","3","v2091072","1.3.1.1","14102.3","","","","1"
"1999-05","Canada","2016A000011124","Employment","Both sexes","15 years and over","Persons","249","thousands","3","v2091072","1.3.1.1","14454.5","","","","1"
"1999-06","Canada","2016A000011124","Employment","Both sexes","15 years and over","Persons","249","thousands","3","v2091072","1.3.1.1","14698.7","","","","1"
"1999-07","Canada","2016A000011124","Employment","Both sexes","15 years and over","Persons","249","thousands","3","v2091072","1.3.1.1","14804.6","","","","1"
"1999-08","Canada","2016A000011124","Employment","Both sexes","15 years and over","Persons","249","thousands","3","v2091072","1.3.1.1","14776.0","","","","1"
"1999-09","Canada","2016A000011124","Employment","Both sexes","15 years and over","Persons","249","thousands","3","v2091072","1.3.1.1","14556.5","","","","1"
"1999-10","Canada","2016A000011124","Employment","Both sexes","15 years and over","Persons","249","thousands","3","v2091072","1.3.1.1","14575.2","","","","1"
"1999-11","Canada","2016A000011124","Employment","Both sexes","15 years and over","Persons","249","thousands","3","v2091072","1.3.1.1","14517.4","","","","1"
"1999-12","Canada","2016A000011124","Employment","Both sexes","15 years and over","Persons","249","thousands","3","v2091072","1.3.1.1","14516.2","","","","1"
"2000-01","Canada","2016A000011124","Employment","Both sexes","15 years and over","Persons","249","thousands","3","v2091072","1.3.1.1","14257.0","","","","1"
"2000-02","Canada","2016A000011124","Employment","Both sexes","15 years and over","Persons","249","thousands","3","v2091072","1.3.1.1","14363.7","","","","1"
"2000-03","Canada","2016A000011124","Employment","Both sexes","15 years and over","Persons","249","thousands","3","v2091072","1.3.1.1","14418.0","","","","1"
"2000-04","Canada","2016A000011124","Employment","Both sexes","15 years and over","Persons","249","thousands","3","v2091072","1.3.1.1","14493.1","","","","1"
"2000-05","Canada","2016A000011124","Employment","Both sexes","15 years and over","Persons","249","thousands","3","v2091072","1.3.1.1","14874.9","","","","1"
"2000-06","Canada","2016A000011124","Employment","Both sexes","15 years and over","Persons","249","thousands","3","v2091072","1.3.1.1","15056.3","","","","1"
"2000-07","Canada","2016A000011124","Employment","Both sexes","15 years and over","Persons","249","thousands","3","v2091072","1.3.1.1","15112.9","","","","1"
"2000-08","Canada","2016A000011124","Employment","Both sexes","15 years and over","Persons","249","thousands","3","v2091072","1.3.1.1","15097.0","","","","1"
"2000-09","Canada","2016A000011124","Employment","Both sexes","15 years and over","Persons","249","thousands","3","v2091072","1.3.1.1","14883.9","","","","1"
"2000-10","Canada","2016A000011124","Employment","Both sexes","15 years and over","Persons","249","thousands","3","v2091072","1.3.1.1","14896.3","","","","1"
"2000-11","Canada","2016A000011124","Employment","Both sexes","15 years and over","Persons","249","thousands","3","v2091072","1.3.1.1","14846.2","","","","1"
"2000-12","Canada","2016A000011124","Employment","Both sexes","15 years and over","Persons","249","thousands","3","v2091072","1.3.1.1","14822.2","","","","1"
"2001-01","Canada","2016A000011124","Employment","Both sexes","15 years and over","Persons","249","thousands","3","v2091072","1.3.1.1","14526.0","","","","1"
"2001-02","Canada","2016A000011124","Employment","Both sexes","15 years and over","Persons","249","thousands","3","v2091072","1.3.1.1","14572.4","","","","1"
"2001-03","Canada","2016A000011124","Employment","Both sexes","15 years and over","Persons","249","thousands","3","v2091072","1.3.1.1","14619.1","","","","1"
"2001-04","Canada","2016A000011124","Employment","Both sexes","15 years and over","Persons","249","thousands","3","v2091072","1.3.1.1","14724.3","","","","1"
"2001-05","Canada","2016A000011124","Employment","Both sexes","15 years and over","Persons","249","thousands","3","v2091072","1.3.1.1","15080.9","","","","1"
"2001-06","Canada","2016A000011124","Employment","Both sexes","15 years and over","Persons","249","thousands","3","v2091072","1.3.1.1","15230.6","","","","1"
"2001-07","Canada","2016A000011124","Employment","Both sexes","15 years and over","Persons","249","thousands","3","v2091072","1.3.1.1","15297.8","","","","1"
"2001-08","Canada","2016A000011124","Employment","Both sexes","15 years and over","Persons","249","thousands","3","v2091072","1.3.1.1","15273.1","","","","1"
"2001-09","Canada","2016A000011124","Employment","Both sexes","15 years and over","Persons","249","thousands","3","v2091072","1.3.1.1","15029.5","","","","1"
"2001-10","Canada","2016A000011124","Employment","Both sexes","15 years and over","Persons","249","thousands","3","v2091072","1.3.1.1","15023.0","","","","1"
"2001-11","Canada","2016A000011124","Employment","Both sexes","15 years and over","Persons","249","thousands","3","v2091072","1.3.1.1","14951.4","","","","1"
"2001-12","Canada","2016A000011124","Employment","Both sexes","15 years and over","Persons","249","thousands","3","v2091072","1.3.1.1","14859.5","","","","1"
"2002-01","Canada","2016A000011124","Employment","Both sexes","15 years and over","Persons","249","thousands","3","v2091072","1.3.1.1","14659.9","","","","1"
"2002-02","Canada","2016A000011124","Employment","Both sexes","15 years and over","Persons","249","thousands","3","v2091072","1.3.1.1","14732.8","","","","1"
"2002-03","Canada","2016A000011124","Employment","Both sexes","15 years and over","Persons","249","thousands","3","v2091072","1.3.1.1","14846.7","","","","1"
"2002-04","Canada","2016A000011124","Employment","Both sexes","15 years and over","Persons","249","thousands","3","v2091072","1.3.1.1","14968.3","","","","1"
"2002-05","Canada","2016A000011124","Employment","Both sexes","15 years and over","Persons","249","thousands","3","v2091072","1.3.1.1","15352.0","","","","1"
"2002-06","Canada","2016A000011124","Employment","Both sexes","15 years and over","Persons","249","thousands","3","v2091072","1.3.1.1","15597.9","","","","1"
"2002-07","Canada","2016A000011124","Employment","Both sexes","15 years and over","Persons","249","thousands","3","v2091072","1.3.1.1","15688.9","","","","1"
"2002-08","Canada","2016A000011124","Employment","Both sexes","15 years and over","Persons","249","thousands","3","v2091072","1.3.1.1","15740.1","","","","1"
"2002-09","Canada","2016A000011124","Employment","Both sexes","15 years and over","Persons","249","thousands","3","v2091072","1.3.1.1","15498.9","","","","1"
"2002-10","Canada","2016A000011124","Employment","Both sexes","15 years and over","Persons","249","thousands","3","v2091072","1.3.1.1","15496.3","","","","1"
"2002-11","Canada","2016A000011124","Employment","Both sexes","15 years and over","Persons","249","thousands","3","v2091072","1.3.1.1","15464.6","","","","1"
"2002-12","Canada","2016A000011124","Employment","Both sexes","15 years and over","Persons","249","thousands","3","v2091072","1.3.1.1","15449.5","","","","1"
"2003-01","Canada","2016A000011124","Employment","Both sexes","15 years and over","Persons","249","thousands","3","v2091072","1.3.1.1","15179.3","","","","1"
"2003-02","Canada","2016A000011124","Employment","Both sexes","15 years and over","Persons","249","thousands","3","v2091072","1.3.1.1","15291.4","","","","1"
"2003-03","Canada","2016A000011124","Employment","Both sexes","15 years and over","Persons","249","thousands","3","v2091072","1.3.1.1","15339.6","","","","1"
"2003-04","Canada","2016A000011124","Employment","Both sexes","15 years and over","Persons","249","thousands","3","v2091072","1.3.1.1","15386.7","","","","1"
"2003-05","Canada","2016A000011124","Employment","Both sexes","15 years and over","Persons","249","thousands","3","v2091072","1.3.1.1","15700.7","","","","1"
"2003-06","Canada","2016A000011124","Employment","Both sexes","15 years and over","Persons","249","thousands","3","v2091072","1.3.1.1","15984.7","","","","1"
"2003-07","Canada","2016A000011124","Employment","Both sexes","15 years and over","Persons","249","thousands","3","v2091072","1.3.1.1","16002.9","","","","1"
"2003-08","Canada","2016A000011124","Employment","Both sexes","15 years and over","Persons","249","thousands","3","v2091072","1.3.1.1","15971.9","","","","1"
"2003-09","Canada","2016A000011124","Employment","Both sexes","15 years and over","Persons","249","thousands","3","v2091072","1.3.1.1","15750.1","","","","1"
"2003-10","Canada","2016A000011124","Employment","Both sexes","15 years and over","Persons","249","thousands","3","v2091072","1.3.1.1","15801.8","","","","1"
"2003-11","Canada","2016A000011124","Employment","Both sexes","15 years and over","Persons","249","thousands","3","v2091072","1.3.1.1","15772.6","","","","1"
"2003-12","Canada","2016A000011124","Employment","Both sexes","15 years and over","Persons","249","thousands","3","v2091072","1.3.1.1","15748.4","","","","1"
"2004-01","Canada","2016A000011124","Employment","Both sexes","15 years and over","Persons","249","thousands","3","v2091072","1.3.1.1","15452.4","","","","1"
"2004-02","Canada","2016A000011124","Employment","Both sexes","15 years and over","Persons","249","thousands","3","v2091072","1.3.1.1","15513.4","","","","1"
"2004-03","Canada","2016A000011124","Employment","Both sexes","15 years and over","Persons","249","thousands","3","v2091072","1.3.1.1","15538.0","","","","1"
"2004-04","Canada","2016A000011124","Employment","Both sexes","15 years and over","Persons","249","thousands","3","v2091072","1.3.1.1","15663.0","","","","1"
"2004-05","Canada","2016A000011124","Employment","Both sexes","15 years and over","Persons","249","thousands","3","v2091072","1.3.1.1","16016.3","","","","1"
"2004-06","Canada","2016A000011124","Employment","Both sexes","15 years and over","Persons","249","thousands","3","v2091072","1.3.1.1","16273.7","","","","1"
"2004-07","Canada","2016A000011124","Employment","Both sexes","15 years and over","Persons","249","thousands","3","v2091072","1.3.1.1","16287.8","","","","1"
"2004-08","Canada","2016A000011124","Employment","Both sexes","15 years and over","Persons","249","thousands","3","v2091072","1.3.1.1","16224.4","","","","1"
"2004-09","Canada","2016A000011124","Employment","Both sexes","15 years and over","Persons","249","thousands","3","v2091072","1.3.1.1","16023.1","","","","1"
"2004-10","Canada","2016A000011124","Employment","Both sexes","15 years and over","Persons","249","thousands","3","v2091072","1.3.1.1","16049.3","","","","1"
"2004-11","Canada","2016A000011124","Employment","Both sexes","15 years and over","Persons","249","thousands","3","v2091072","1.3.1.1","15993.7","","","","1"
"2004-12","Canada","2016A000011124","Employment","Both sexes","15 years and over","Persons","249","thousands","3","v2091072","1.3.1.1","15945.2","","","","1"
"2005-01","Canada","2016A000011124","Employment","Both sexes","15 years and over","Persons","249","thousands","3","v2091072","1.3.1.1","15658.4","","","","1"
"2005-02","Canada","2016A000011124","Employment","Both sexes","15 years and over","Persons","249","thousands","3","v2091072","1.3.1.1","15742.1","","","","1"
"2005-03","Canada","2016A000011124","Employment","Both sexes","15 years and over","Persons","249","thousands","3","v2091072","1.3.1.1","15754.4","","","","1"
"2005-04","Canada","2016A000011124","Employment","Both sexes","15 years and over","Persons","249","thousands","3","v2091072","1.3.1.1","15850.3","","","","1"
"2005-05","Canada","2016A000011124","Employment","Both sexes","15 years and over","Persons","249","thousands","3","v2091072","1.3.1.1","16242.5","","","","1"
"2005-06","Canada","2016A000011124","Employment","Both sexes","15 years and over","Persons","249","thousands","3","v2091072","1.3.1.1","16446.2","","","","1"
"2005-07","Canada","2016A000011124","Employment","Both sexes","15 years and over","Persons","249","thousands","3","v2091072","1.3.1.1","16482.8","","","","1"
"2005-08","Canada","2016A000011124","Employment","Both sexes","15 years and over","Persons","249","thousands","3","v2091072","1.3.1.1","16460.9","","","","1"
"2005-09","Canada","2016A000011124","Employment","Both sexes","15 years and over","Persons","249","thousands","3","v2091072","1.3.1.1","16200.5","","","","1"
"2005-10","Canada","2016A000011124","Employment","Both sexes","15 years and over","Persons","249","thousands","3","v2091072","1.3.1.1","16266.6","","","","1"
"2005-11","Canada","2016A000011124","Employment","Both sexes","15 years and over","Persons","249","thousands","3","v2091072","1.3.1.1","16222.3","","","","1"
"2005-12","Canada","2016A000011124","Employment","Both sexes","15 years and over","Persons","249","thousands","3","v2091072","1.3.1.1","16155.2","","","","1"
"2006-01","Canada","2016A000011124","Employment","Both sexes","15 years and over","Persons","249","thousands","3","v2091072","1.3.1.1","15921.3","","","","1"
"2006-02","Canada","2016A000011124","Employment","Both sexes","15 years and over","Persons","249","thousands","3","v2091072","1.3.1.1","15992.8","","","","1"
"2006-03","Canada","2016A000011124","Employment","Both sexes","15 years and over","Persons","249","thousands","3","v2091072","1.3.1.1","16056.8","","","","1"
"2006-04","Canada","2016A000011124","Employment","Both sexes","15 years and over","Persons","249","thousands","3","v2091072","1.3.1.1","16152.9","","","","1"
"2006-05","Canada","2016A000011124","Employment","Both sexes","15 years and over","Persons","249","thousands","3","v2091072","1.3.1.1","16619.2","","","","1"
"2006-06","Canada","2016A000011124","Employment","Both sexes","15 years and over","Persons","249","thousands","3","v2091072","1.3.1.1","16775.4","","","","1"
"2006-07","Canada","2016A000011124","Employment","Both sexes","15 years and over","Persons","249","thousands","3","v2091072","1.3.1.1","16778.5","","","","1"
"2006-08","Canada","2016A000011124","Employment","Both sexes","15 years and over","Persons","249","thousands","3","v2091072","1.3.1.1","16711.0","","","","1"
"2006-09","Canada","2016A000011124","Employment","Both sexes","15 years and over","Persons","249","thousands","3","v2091072","1.3.1.1","16482.5","","","","1"
"2006-10","Canada","2016A000011124","Employment","Both sexes","15 years and over","Persons","249","thousands","3","v2091072","1.3.1.1","16537.7","","","","1"
"2006-11","Canada","2016A000011124","Employment","Both sexes","15 years and over","Persons","249","thousands","3","v2091072","1.3.1.1","16469.1","","","","1"
"2006-12","Canada","2016A000011124","Employment","Both sexes","15 years and over","Persons","249","thousands","3","v2091072","1.3.1.1","16467.8","","","","1"
"2007-01","Canada","2016A000011124","Employment","Both sexes","15 years and over","Persons","249","thousands","3","v2091072","1.3.1.1","16264.2","","","","1"
"2007-02","Canada","2016A000011124","Employment","Both sexes","15 years and over","Persons","249","thousands","3","v2091072","1.3.1.1","16338.9","","","","1"
"2007-03","Canada","2016A000011124","Employment","Both sexes","15 years and over","Persons","249","thousands","3","v2091072","1.3.1.1","16379.6","","","","1"
"2007-04","Canada","2016A000011124","Employment","Both sexes","15 years and over","Persons","249","thousands","3","v2091072","1.3.1.1","16467.1","","","","1"
"2007-05","Canada","2016A000011124","Employment","Both sexes","15 years and over","Persons","249","thousands","3","v2091072","1.3.1.1","16853.9","","","","1"
"2007-06","Canada","2016A000011124","Employment","Both sexes","15 years and over","Persons","249","thousands","3","v2091072","1.3.1.1","17071.8","","","","1"
"2007-07","Canada","2016A000011124","Employment","Both sexes","15 years and over","Persons","249","thousands","3","v2091072","1.3.1.1","17138.0","","","","1"
"2007-08","Canada","2016A000011124","Employment","Both sexes","15 years and over","Persons","249","thousands","3","v2091072","1.3.1.1","17097.3","","","","1"
"2007-09","Canada","2016A000011124","Employment","Both sexes","15 years and over","Persons","249","thousands","3","v2091072","1.3.1.1","16841.4","","","","1"
"2007-10","Canada","2016A000011124","Employment","Both sexes","15 years and over","Persons","249","thousands","3","v2091072","1.3.1.1","16926.1","","","","1"
"2007-11","Canada","2016A000011124","Employment","Both sexes","15 years and over","Persons","249","thousands","3","v2091072","1.3.1.1","16883.0","","","","1"
"2007-12","Canada","2016A000011124","Employment","Both sexes","15 years and over","Persons","249","thousands","3","v2091072","1.3.1.1","16820.6","","","","1"
"2008-01","Canada","2016A000011124","Employment","Both sexes","15 years and over","Persons","249","thousands","3","v2091072","1.3.1.1","16586.6","","","","1"
"2008-02","Canada","2016A000011124","Employment","Both sexes","15 years and over","Persons","249","thousands","3","v2091072","1.3.1.1","16678.7","","","","1"
"2008-03","Canada","2016A000011124","Employment","Both sexes","15 years and over","Persons","249","thousands","3","v2091072","1.3.1.1","16692.3","","","","1"
"2008-04","Canada","2016A000011124","Employment","Both sexes","15 years and over","Persons","249","thousands","3","v2091072","1.3.1.1","16772.3","","","","1"
"2008-05","Canada","2016A000011124","Employment","Both sexes","15 years and over","Persons","249","thousands","3","v2091072","1.3.1.1","17145.2","","","","1"
"2008-06","Canada","2016A000011124","Employment","Both sexes","15 years and over","Persons","249","thousands","3","v2091072","1.3.1.1","17371.6","","","","1"
"2008-07","Canada","2016A000011124","Employment","Both sexes","15 years and over","Persons","249","thousands","3","v2091072","1.3.1.1","17306.2","","","","1"
"2008-08","Canada","2016A000011124","Employment","Both sexes","15 years and over","Persons","249","thousands","3","v2091072","1.3.1.1","17290.6","","","","1"
"2008-09","Canada","2016A000011124","Employment","Both sexes","15 years and over","Persons","249","thousands","3","v2091072","1.3.1.1","17092.8","","","","1"
"2008-10","Canada","2016A000011124","Employment","Both sexes","15 years and over","Persons","249","thousands","3","v2091072","1.3.1.1","17151.0","","","","1"
"2008-11","Canada","2016A000011124","Employment","Both sexes","15 years and over","Persons","249","thousands","3","v2091072","1.3.1.1","16984.8","","","","1"
"2008-12","Canada","2016A000011124","Employment","Both sexes","15 years and over","Persons","249","thousands","3","v2091072","1.3.1.1","16889.9","","","","1"
"2009-01","Canada","2016A000011124","Employment","Both sexes","15 years and over","Persons","249","thousands","3","v2091072","1.3.1.1","16470.4","","","","1"
"2009-02","Canada","2016A000011124","Employment","Both sexes","15 years and over","Persons","249","thousands","3","v2091072","1.3.1.1","16489.5","","","","1"
"2009-03","Canada","2016A000011124","Employment","Both sexes","15 years and over","Persons","249","thousands","3","v2091072","1.3.1.1","16449.1","","","","1"
"2009-04","Canada","2016A000011124","Employment","Both sexes","15 years and over","Persons","249","thousands","3","v2091072","1.3.1.1","16536.4","","","","1"
"2009-05","Canada","2016A000011124","Employment","Both sexes","15 years and over","Persons","249","thousands","3","v2091072","1.3.1.1","16890.3","","","","1"
"2009-06","Canada","2016A000011124","Employment","Both sexes","15 years and over","Persons","249","thousands","3","v2091072","1.3.1.1","17078.0","","","","1"
"2009-07","Canada","2016A000011124","Employment","Both sexes","15 years and over","Persons","249","thousands","3","v2091072","1.3.1.1","16995.3","","","","1"
"2009-08","Canada","2016A000011124","Employment","Both sexes","15 years and over","Persons","249","thousands","3","v2091072","1.3.1.1","16974.8","","","","1"
"2009-09","Canada","2016A000011124","Employment","Both sexes","15 years and over","Persons","249","thousands","3","v2091072","1.3.1.1","16810.4","","","","1"
"2009-10","Canada","2016A000011124","Employment","Both sexes","15 years and over","Persons","249","thousands","3","v2091072","1.3.1.1","16824.7","","","","1"
"2009-11","Canada","2016A000011124","Employment","Both sexes","15 years and over","Persons","249","thousands","3","v2091072","1.3.1.1","16827.0","","","","1"
"2009-12","Canada","2016A000011124","Employment","Both sexes","15 years and over","Persons","249","thousands","3","v2091072","1.3.1.1","16719.4","","","","1"
"2010-01","Canada","2016A000011124","Employment","Both sexes","15 years and over","Persons","249","thousands","3","v2091072","1.3.1.1","16470.5","","","","1"
"2010-02","Canada","2016A000011124","Employment","Both sexes","15 years and over","Persons","249","thousands","3","v2091072","1.3.1.1","16531.3","","","","1"
"2010-03","Canada","2016A000011124","Employment","Both sexes","15 years and over","Persons","249","thousands","3","v2091072","1.3.1.1","16554.6","","","","1"
"2010-04","Canada","2016A000011124","Employment","Both sexes","15 years and over","Persons","249","thousands","3","v2091072","1.3.1.1","16731.9","","","","1"
"2010-05","Canada","2016A000011124","Employment","Both sexes","15 years and over","Persons","249","thousands","3","v2091072","1.3.1.1","17089.6","","","","1"
"2010-06","Canada","2016A000011124","Employment","Both sexes","15 years and over","Persons","249","thousands","3","v2091072","1.3.1.1","17386.5","","","","1"
"2010-07","Canada","2016A000011124","Employment","Both sexes","15 years and over","Persons","249","thousands","3","v2091072","1.3.1.1","17322.7","","","","1"
"2010-08","Canada","2016A000011124","Employment","Both sexes","15 years and over","Persons","249","thousands","3","v2091072","1.3.1.1","17297.7","","","","1"
"2010-09","Canada","2016A000011124","Employment","Both sexes","15 years and over","Persons","249","thousands","3","v2091072","1.3.1.1","17122.5","","","","1"
"2010-10","Canada","2016A000011124","Employment","Both sexes","15 years and over","Persons","249","thousands","3","v2091072","1.3.1.1","17105.7","","","","1"
"2010-11","Canada","2016A000011124","Employment","Both sexes","15 years and over","Persons","249","thousands","3","v2091072","1.3.1.1","17090.0","","","","1"
"2010-12","Canada","2016A000011124","Employment","Both sexes","15 years and over","Persons","249","thousands","3","v2091072","1.3.1.1","17035.3","","","","1"
"2011-01","Canada","2016A000011124","Employment","Both sexes","15 years and over","Persons","249","thousands","3","v2091072","1.3.1.1","16824.3","","","","1"
"2011-02","Canada","2016A000011124","Employment","Both sexes","15 years and over","Persons","249","thousands","3","v2091072","1.3.1.1","16885.4","","","","1"
"2011-03","Canada","2016A000011124","Employment","Both sexes","15 years and over","Persons","249","thousands","3","v2091072","1.3.1.1","16873.0","","","","1"
"2011-04","Canada","2016A000011124","Employment","Both sexes","15 years and over","Persons","249","thousands","3","v2091072","1.3.1.1","17028.1","","","","1"
"2011-05","Canada","2016A000011124","Employment","Both sexes","15 years and over","Persons","249","thousands","3","v2091072","1.3.1.1","17395.1","","","","1"
"2011-06","Canada","2016A000011124","Employment","Both sexes","15 years and over","Persons","249","thousands","3","v2091072","1.3.1.1","17611.8","","","","1"
"2011-07","Canada","2016A000011124","Employment","Both sexes","15 years and over","Persons","249","thousands","3","v2091072","1.3.1.1","17580.8","","","","1"
"2011-08","Canada","2016A000011124","Employment","Both sexes","15 years and over","Persons","249","thousands","3","v2091072","1.3.1.1","17551.0","","","","1"
"2011-09","Canada","2016A000011124","Employment","Both sexes","15 years and over","Persons","249","thousands","3","v2091072","1.3.1.1","17360.1","","","","1"
"2011-10","Canada","2016A000011124","Employment","Both sexes","15 years and over","Persons","249","thousands","3","v2091072","1.3.1.1","17336.2","","","","1"
"2011-11","Canada","2016A000011124","Employment","Both sexes","15 years and over","Persons","249","thousands","3","v2091072","1.3.1.1","17274.1","","","","1"
"2011-12","Canada","2016A000011124","Employment","Both sexes","15 years and over","Persons","249","thousands","3","v2091072","1.3.1.1","17211.5","","","","1"
"2012-01","Canada","2016A000011124","Employment","Both sexes","15 years and over","Persons","249","thousands","3","v2091072","1.3.1.1","16938.2","","","","1"
"2012-02","Canada","2016A000011124","Employment","Both sexes","15 years and over","Persons","249","thousands","3","v2091072","1.3.1.1","17000.1","","","","1"
"2012-03","Canada","2016A000011124","Employment","Both sexes","15 years and over","Persons","249","thousands","3","v2091072","1.3.1.1","17083.3","","","","1"
"2012-04","Canada","2016A000011124","Employment","Both sexes","15 years and over","Persons","249","thousands","3","v2091072","1.3.1.1","17299.8","","","","1"
"2012-05","Canada","2016A000011124","Employment","Both sexes","15 years and over","Persons","249","thousands","3","v2091072","1.3.1.1","17630.8","","","","1"
"2012-06","Canada","2016A000011124","Employment","Both sexes","15 years and over","Persons","249","thousands","3","v2091072","1.3.1.1","17791.3","","","","1"
"2012-07","Canada","2016A000011124","Employment","Both sexes","15 years and over","Persons","249","thousands","3","v2091072","1.3.1.1","17764.7","","","","1"
"2012-08","Canada","2016A000011124","Employment","Both sexes","15 years and over","Persons","249","thousands","3","v2091072","1.3.1.1","17782.4","","","","1"
"2012-09","Canada","2016A000011124","Employment","Both sexes","15 years and over","Persons","249","thousands","3","v2091072","1.3.1.1","17622.9","","","","1"
"2012-10","Canada","2016A000011124","Employment","Both sexes","15 years and over","Persons","249","thousands","3","v2091072","1.3.1.1","17625.0","","","","1"
"2012-11","Canada","2016A000011124","Employment","Both sexes","15 years and over","Persons","249","thousands","3","v2091072","1.3.1.1","17598.3","","","","1"
"2012-12","Canada","2016A000011124","Employment","Both sexes","15 years and over","Persons","249","thousands","3","v2091072","1.3.1.1","17571.1","","","","1"
"2013-01","Canada","2016A000011124","Employment","Both sexes","15 years and over","Persons","249","thousands","3","v2091072","1.3.1.1","17317.8","","","","1"
"2013-02","Canada","2016A000011124","Employment","Both sexes","15 years and over","Persons","249","thousands","3","v2091072","1.3.1.1","17419.0","","","","1"
"2013-03","Canada","2016A000011124","Employment","Both sexes","15 years and over","Persons","249","thousands","3","v2091072","1.3.1.1","17356.2","","","","1"
"2013-04","Canada","2016A000011124","Employment","Both sexes","15 years and over","Persons","249","thousands","3","v2091072","1.3.1.1","17495.0","","","","1"
"2013-05","Canada","2016A000011124","Employment","Both sexes","15 years and over","Persons","249","thousands","3","v2091072","1.3.1.1","17911.0","","","","1"
"2013-06","Canada","2016A000011124","Employment","Both sexes","15 years and over","Persons","249","thousands","3","v2091072","1.3.1.1","18053.3","","","","1"
"2013-07","Canada","2016A000011124","Employment","Both sexes","15 years and over","Persons","249","thousands","3","v2091072","1.3.1.1","17979.2","","","","1"
"2013-08","Canada","2016A000011124","Employment","Both sexes","15 years and over","Persons","249","thousands","3","v2091072","1.3.1.1","17984.7","","","","1"
"2013-09","Canada","2016A000011124","Employment","Both sexes","15 years and over","Persons","249","thousands","3","v2091072","1.3.1.1","17831.2","","","","1"
"2013-10","Canada","2016A000011124","Employment","Both sexes","15 years and over","Persons","249","thousands","3","v2091072","1.3.1.1","17819.3","","","","1"
"2013-11","Canada","2016A000011124","Employment","Both sexes","15 years and over","Persons","249","thousands","3","v2091072","1.3.1.1","17752.7","","","","1"
"2013-12","Canada","2016A000011124","Employment","Both sexes","15 years and over","Persons","249","thousands","3","v2091072","1.3.1.1","17626.7","","","","1"
"2014-01","Canada","2016A000011124","Employment","Both sexes","15 years and over","Persons","249","thousands","3","v2091072","1.3.1.1","17377.7","","","","1"
"2014-02","Canada","2016A000011124","Employment","Both sexes","15 years and over","Persons","249","thousands","3","v2091072","1.3.1.1","17427.2","","","","1"
"2014-03","Canada","2016A000011124","Employment","Both sexes","15 years and over","Persons","249","thousands","3","v2091072","1.3.1.1","17465.5","","","","1"
"2014-04","Canada","2016A000011124","Employment","Both sexes","15 years and over","Persons","249","thousands","3","v2091072","1.3.1.1","17538.4","","","","1"
"2014-05","Canada","2016A000011124","Employment","Both sexes","15 years and over","Persons","249","thousands","3","v2091072","1.3.1.1","17902.6","","","","1"
"2014-06","Canada","2016A000011124","Employment","Both sexes","15 years and over","Persons","249","thousands","3","v2091072","1.3.1.1","18129.9","","","","1"
"2014-07","Canada","2016A000011124","Employment","Both sexes","15 years and over","Persons","249","thousands","3","v2091072","1.3.1.1","18086.0","","","","1"
"2014-08","Canada","2016A000011124","Employment","Both sexes","15 years and over","Persons","249","thousands","3","v2091072","1.3.1.1","18028.0","","","","1"
"2014-09","Canada","2016A000011124","Employment","Both sexes","15 years and over","Persons","249","thousands","3","v2091072","1.3.1.1","17898.1","","","","1"
"2014-10","Canada","2016A000011124","Employment","Both sexes","15 years and over","Persons","249","thousands","3","v2091072","1.3.1.1","17917.8","","","","1"
"2014-11","Canada","2016A000011124","Employment","Both sexes","15 years and over","Persons","249","thousands","3","v2091072","1.3.1.1","17842.4","","","","1"
"2014-12","Canada","2016A000011124","Employment","Both sexes","15 years and over","Persons","249","thousands","3","v2091072","1.3.1.1","17784.3","","","","1"
"2015-01","Canada","2016A000011124","Employment","Both sexes","15 years and over","Persons","249","thousands","3","v2091072","1.3.1.1","17511.6","","","","1"
"2015-02","Canada","2016A000011124","Employment","Both sexes","15 years and over","Persons","249","thousands","3","v2091072","1.3.1.1","17579.1","","","","1"
"2015-03","Canada","2016A000011124","Employment","Both sexes","15 years and over","Persons","249","thousands","3","v2091072","1.3.1.1","17605.8","","","","1"
"2015-04","Canada","2016A000011124","Employment","Both sexes","15 years and over","Persons","249","thousands","3","v2091072","1.3.1.1","17676.4","","","","1"
"2015-05","Canada","2016A000011124","Employment","Both sexes","15 years and over","Persons","249","thousands","3","v2091072","1.3.1.1","18062.8","","","","1"
"2015-06","Canada","2016A000011124","Employment","Both sexes","15 years and over","Persons","249","thousands","3","v2091072","1.3.1.1","18246.6","","","","1"
"2015-07","Canada","2016A000011124","Employment","Both sexes","15 years and over","Persons","249","thousands","3","v2091072","1.3.1.1","18173.1","","","","1"
"2015-08","Canada","2016A000011124","Employment","Both sexes","15 years and over","Persons","249","thousands","3","v2091072","1.3.1.1","18183.6","","","","1"
"2015-09","Canada","2016A000011124","Employment","Both sexes","15 years and over","Persons","249","thousands","3","v2091072","1.3.1.1","18021.9","","","","1"
"2015-10","Canada","2016A000011124","Employment","Both sexes","15 years and over","Persons","249","thousands","3","v2091072","1.3.1.1","18040.9","","","","1"
"2015-11","Canada","2016A000011124","Employment","Both sexes","15 years and over","Persons","249","thousands","3","v2091072","1.3.1.1","17933.6","","","","1"
"2015-12","Canada","2016A000011124","Employment","Both sexes","15 years and over","Persons","249","thousands","3","v2091072","1.3.1.1","17835.8","","","","1"
"2016-01","Canada","2016A000011124","Employment","Both sexes","15 years and over","Persons","249","thousands","3","v2091072","1.3.1.1","17550.5","","","","1"
"2016-02","Canada","2016A000011124","Employment","Both sexes","15 years and over","Persons","249","thousands","3","v2091072","1.3.1.1","17634.6","","","","1"
"2016-03","Canada","2016A000011124","Employment","Both sexes","15 years and over","Persons","249","thousands","3","v2091072","1.3.1.1","17645.7","","","","1"
"2016-04","Canada","2016A000011124","Employment","Both sexes","15 years and over","Persons","249","thousands","3","v2091072","1.3.1.1","17745.5","","","","1"
"2016-05","Canada","2016A000011124","Employment","Both sexes","15 years and over","Persons","249","thousands","3","v2091072","1.3.1.1","18192.3","","","","1"
"2016-06","Canada","2016A000011124","Employment","Both sexes","15 years and over","Persons","249","thousands","3","v2091072","1.3.1.1","18343.5","","","","1"
"2016-07","Canada","2016A000011124","Employment","Both sexes","15 years and over","Persons","249","thousands","3","v2091072","1.3.1.1","18248.4","","","","1"
"2016-08","Canada","2016A000011124","Employment","Both sexes","15 years and over","Persons","249","thousands","3","v2091072","1.3.1.1","18251.8","","","","1"
"2016-09","Canada","2016A000011124","Employment","Both sexes","15 years and over","Persons","249","thousands","3","v2091072","1.3.1.1","18127.7","","","","1"
"2016-10","Canada","2016A000011124","Employment","Both sexes","15 years and over","Persons","249","thousands","3","v2091072","1.3.1.1","18169.9","","","","1"
"2016-11","Canada","2016A000011124","Employment","Both sexes","15 years and over","Persons","249","thousands","3","v2091072","1.3.1.1","18120.1","","","","1"
"2016-12","Canada","2016A000011124","Employment","Both sexes","15 years and over","Persons","249","thousands","3","v2091072","1.3.1.1","18074.3","","","","1"
"2017-01","Canada","2016A000011124","Employment","Both sexes","15 years and over","Persons","249","thousands","3","v2091072","1.3.1.1","17905.3","","","","1"
"2017-02","Canada","2016A000011124","Employment","Both sexes","15 years and over","Persons","249","thousands","3","v2091072","1.3.1.1","17952.5","","","","1"
"2017-03","Canada","2016A000011124","Employment","Both sexes","15 years and over","Persons","249","thousands","3","v2091072","1.3.1.1","17988.3","","","","1"
"2017-04","Canada","2016A000011124","Employment","Both sexes","15 years and over","Persons","249","thousands","3","v2091072","1.3.1.1","18069.3","","","","1"
"2017-05","Canada","2016A000011124","Employment","Both sexes","15 years and over","Persons","249","thousands","3","v2091072","1.3.1.1","18526.0","","","","1"
"2017-06","Canada","2016A000011124","Employment","Both sexes","15 years and over","Persons","249","thousands","3","v2091072","1.3.1.1","18734.6","","","","1"
"2017-07","Canada","2016A000011124","Employment","Both sexes","15 years and over","Persons","249","thousands","3","v2091072","1.3.1.1","18695.8","","","","1"
"2017-08","Canada","2016A000011124","Employment","Both sexes","15 years and over","Persons","249","thousands","3","v2091072","1.3.1.1","18673.2","","","","1"
"2017-09","Canada","2016A000011124","Employment","Both sexes","15 years and over","Persons","249","thousands","3","v2091072","1.3.1.1","18502.9","","","","1"
"2017-10","Canada","2016A000011124","Employment","Both sexes","15 years and over","Persons","249","thousands","3","v2091072","1.3.1.1","18554.3","","","","1"
"2017-11","Canada","2016A000011124","Employment","Both sexes","15 years and over","Persons","249","thousands","3","v2091072","1.3.1.1","18570.2","","","","1"
"2017-12","Canada","2016A000011124","Employment","Both sexes","15 years and over","Persons","249","thousands","3","v2091072","1.3.1.1","18567.2","","","","1"
"2018-01","Canada","2016A000011124","Employment","Both sexes","15 years and over","Persons","249","thousands","3","v2091072","1.3.1.1","18263.6","","","","1"
"2018-02","Canada","2016A000011124","Employment","Both sexes","15 years and over","Persons","249","thousands","3","v2091072","1.3.1.1","18286.5","","","","1"
"2018-03","Canada","2016A000011124","Employment","Both sexes","15 years and over","Persons","249","thousands","3","v2091072","1.3.1.1","18364.1","","","","1"
"2018-04","Canada","2016A000011124","Employment","Both sexes","15 years and over","Persons","249","thousands","3","v2091072","1.3.1.1","18456.7","","","","1"
"2018-05","Canada","2016A000011124","Employment","Both sexes","15 years and over","Persons","249","thousands","3","v2091072","1.3.1.1","18830.4","","","","1"
"2018-06","Canada","2016A000011124","Employment","Both sexes","15 years and over","Persons","249","thousands","3","v2091072","1.3.1.1","19030.6","","","","1"
"2018-07","Canada","2016A000011124","Employment","Both sexes","15 years and over","Persons","249","thousands","3","v2091072","1.3.1.1","19027.0","","","","1"
"2018-08","Canada","2016A000011124","Employment","Both sexes","15 years and over","Persons","249","thousands","3","v2091072","1.3.1.1","18944.3","","","","1"
"2018-09","Canada","2016A000011124","Employment","Both sexes","15 years and over","Persons","249","thousands","3","v2091072","1.3.1.1","18829.9","","","","1"
"2018-10","Canada","2016A000011124","Employment","Both sexes","15 years and over","Persons","249","thousands","3","v2091072","1.3.1.1","18877.0","","","","1"
"2018-11","Canada","2016A000011124","Employment","Both sexes","15 years and over","Persons","249","thousands","3","v2091072","1.3.1.1","18898.6","","","","1"
"2018-12","Canada","2016A000011124","Employment","Both sexes","15 years and over","Persons","249","thousands","3","v2091072","1.3.1.1","18870.9","","","","1"
"2019-01","Canada","2016A000011124","Employment","Both sexes","15 years and over","Persons","249","thousands","3","v2091072","1.3.1.1","18627.9","","","","1"
"2019-02","Canada","2016A000011124","Employment","Both sexes","15 years and over","Persons","249","thousands","3","v2091072","1.3.1.1","18724.1","","","","1"
"2019-03","Canada","2016A000011124","Employment","Both sexes","15 years and over","Persons","249","thousands","3","v2091072","1.3.1.1","18725.4","","","","1"
"2019-04","Canada","2016A000011124","Employment","Both sexes","15 years and over","Persons","249","thousands","3","v2091072","1.3.1.1","18930.4","","","","1"
"2019-05","Canada","2016A000011124","Employment","Both sexes","15 years and over","Persons","249","thousands","3","v2091072","1.3.1.1","19315.5","","","","1"
"2019-06","Canada","2016A000011124","Employment","Both sexes","15 years and over","Persons","249","thousands","3","v2091072","1.3.1.1","19474.1","","","","1"
"2019-07","Canada","2016A000011124","Employment","Both sexes","15 years and over","Persons","249","thousands","3","v2091072","1.3.1.1","19375.9","","","","1"
"2019-08","Canada","2016A000011124","Employment","Both sexes","15 years and over","Persons","249","thousands","3","v2091072","1.3.1.1","19396.1","","","","1"
"2019-09","Canada","2016A000011124","Employment","Both sexes","15 years and over","Persons","249","thousands","3","v2091072","1.3.1.1","19280.7","","","","1"
"2019-10","Canada","2016A000011124","Employment","Both sexes","15 years and over","Persons","249","thousands","3","v2091072","1.3.1.1","19285.6","","","","1"
"2019-11","Canada","2016A000011124","Employment","Both sexes","15 years and over","Persons","249","thousands","3","v2091072","1.3.1.1","19169.6","","","","1"
"2019-12","Canada","2016A000011124","Employment","Both sexes","15 years and over","Persons","249","thousands","3","v2091072","1.3.1.1","19148.4","","","","1"
"2020-01","Canada","2016A000011124","Employment","Both sexes","15 years and over","Persons","249","thousands","3","v2091072","1.3.1.1","18869.4","","","","1"
"2020-02","Canada","2016A000011124","Employment","Both sexes","15 years and over","Persons","249","thousands","3","v2091072","1.3.1.1","18925.7","","","","1"
"2020-03","Canada","2016A000011124","Employment","Both sexes","15 years and over","Persons","249","thousands","3","v2091072","1.3.1.1","17786.9","","","","1"
"2020-04","Canada","2016A000011124","Employment","Both sexes","15 years and over","Persons","249","thousands","3","v2091072","1.3.1.1","15922.1","","","","1"
"2020-05","Canada","2016A000011124","Employment","Both sexes","15 years and over","Persons","249","thousands","3","v2091072","1.3.1.1","16548.8","","","","1"
"2020-06","Canada","2016A000011124","Employment","Both sexes","15 years and over","Persons","249","thousands","3","v2091072","1.3.1.1","17774.6","","","","1"
"2020-07","Canada","2016A000011124","Employment","Both sexes","15 years and over","Persons","249","thousands","3","v2091072","1.3.1.1","18062.5","","","","1"
"2020-08","Canada","2016A000011124","Employment","Both sexes","15 years and over","Persons","249","thousands","3","v2091072","1.3.1.1","18274.7","","","","1"
"2020-09","Canada","2016A000011124","Employment","Both sexes","15 years and over","Persons","249","thousands","3","v2091072","1.3.1.1","18572.0","","","","1"
"2020-10","Canada","2016A000011124","Employment","Both sexes","15 years and over","Persons","249","thousands","3","v2091072","1.3.1.1","18661.6","","","","1"
"2020-11","Canada","2016A000011124","Employment","Both sexes","15 years and over","Persons","249","thousands","3","v2091072","1.3.1.1","18635.2","","","","1"
"2020-12","Canada","2016A000011124","Employment","Both sexes","15 years and over","Persons","249","thousands","3","v2091072","1.3.1.1","18491.5","","","","1"
"2021-01","Canada","2016A000011124","Employment","Both sexes","15 years and over","Persons","249","thousands","3","v2091072","1.3.1.1","17995.3","","","","1"
"2021-02","Canada","2016A000011124","Employment","Both sexes","15 years and over","Persons","249","thousands","3","v2091072","1.3.1.1","18335.5","","","","1"
"2021-03","Canada","2016A000011124","Employment","Both sexes","15 years and over","Persons","249","thousands","3","v2091072","1.3.1.1","18593.5","","","","1"
"2021-04","Canada","2016A000011124","Employment","Both sexes","15 years and over","Persons","249","thousands","3","v2091072","1.3.1.1","18494.5","","","","1"
"2021-05","Canada","2016A000011124","Employment","Both sexes","15 years and over","Persons","249","thousands","3","v2091072","1.3.1.1","18779.6","","","","1"
"2021-06","Canada","2016A000011124","Employment","Both sexes","15 years and over","Persons","249","thousands","3","v2091072","1.3.1.1","19227.2","","","","1"
"2021-07","Canada","2016A000011124","Employment","Both sexes","15 years and over","Persons","249","thousands","3","v2091072","1.3.1.1","19211.7","","","","1"
"2021-08","Canada","2016A000011124","Employment","Both sexes","15 years and over","Persons","249","thousands","3","v2091072","1.3.1.1","19217.1","","","","1"
"2021-09","Canada","2016A000011124","Employment","Both sexes","15 years and over","Persons","249","thousands","3","v2091072","1.3.1.1","19272.2","","","","1"
"2021-10","Canada","2016A000011124","Employment","Both sexes","15 years and over","Persons","249","thousands","3","v2091072","1.3.1.1","19342.3","","","","1"
"2021-11","Canada","2016A000011124","Employment","Both sexes","15 years and over","Persons","249","thousands","3","v2091072","1.3.1.1","19421.4","","","","1"
"2021-12","Canada","2016A000011124","Employment","Both sexes","15 years and over","Persons","249","thousands","3","v2091072","1.3.1.1","19416.7","","","","1"
"2022-01","Canada","2016A000011124","Employment","Both sexes","15 years and over","Persons","249","thousands","3","v2091072","1.3.1.1","18912.7","","","","1"
"2022-02","Canada","2016A000011124","Employment","Both sexes","15 years and over","Persons","249","thousands","3","v2091072","1.3.1.1","19350.0","","","","1"
"2022-03","Canada","2016A000011124","Employment","Both sexes","15 years and over","Persons","249","thousands","3","v2091072","1.3.1.1","19395.6","","","","1"
"2022-04","Canada","2016A000011124","Employment","Both sexes","15 years and over","Persons","249","thousands","3","v2091072","1.3.1.1","19522.6","","","","1"
"2022-05","Canada","2016A000011124","Employment","Both sexes","15 years and over","Persons","249","thousands","3","v2091072","1.3.1.1","19960.9","","","","1"
"2022-06","Canada","2016A000011124","Employment","Both sexes","15 years and over","Persons","249","thousands","3","v2091072","1.3.1.1","20053.5","","","","1"
"2022-07","Canada","2016A000011124","Employment","Both sexes","15 years and over","Persons","249","thousands","3","v2091072","1.3.1.1","19960.3","","","","1"
"2022-08","Canada","2016A000011124","Employment","Both sexes","15 years and over","Persons","249","thousands","3","v2091072","1.3.1.1","19878.7","","","","1"
"2022-09","Canada","2016A000011124","Employment","Both sexes","15 years and over","Persons","249","thousands","3","v2091072","1.3.1.1","19755.6","","","","1"
"2022-10","Canada","2016A000011124","Employment","Both sexes","15 years and over","Persons","249","thousands","3","v2091072","1.3.1.1","19864.7","","","","1"
"2022-11","Canada","2016A000011124","Employment","Both sexes","15 years and over","Persons","249","thousands","3","v2091072","1.3.1.1","19836.4","","","","1"
"2022-12","Canada","2016A000011124","Employment","Both sexes","15 years and over","Persons","249","thousands","3","v2091072","1.3.1.1","19824.6","","","","1"
"2023-01","Canada","2016A000011124","Employment","Both sexes","15 years and over","Persons","249","thousands","3","v2091072","1.3.1.1","19699.2","","","","1"
"2023-02","Canada","2016A000011124","Employment","Both sexes","15 years and over","Persons","249","thousands","3","v2091072","1.3.1.1","19776.6","","","","1"
"2023-03","Canada","2016A000011124","Employment","Both sexes","15 years and over","Persons","249","thousands","3","v2091072","1.3.1.1","19848.6","","","","1"
"2023-04","Canada","2016A000011124","Employment","Both sexes","15 years and over","Persons","249","thousands","3","v2091072","1.3.1.1","19942.5","","","","1"
"2023-05","Canada","2016A000011124","Employment","Both sexes","15 years and over","Persons","249","thousands","3","v2091072","1.3.1.1","20333.6","","","","1"
"2023-06","Canada","2016A000011124","Employment","Both sexes","15 years and over","Persons","249","thousands","3","v2091072","1.3.1.1","20518.0","","","","1"
"2023-07","Canada","2016A000011124","Employment","Both sexes","15 years and over","Persons","249","thousands","3","v2091072","1.3.1.1","20397.5","","","","1"
"2023-08","Canada","2016A000011124","Employment","Both sexes","15 years and over","Persons","249","thousands","3","v2091072","1.3.1.1","20373.1","","","","1"
"2023-09","Canada","2016A000011124","Employment","Both sexes","15 years and over","Persons","249","thousands","3","v2091072","1.3.1.1","20280.4","","","","1"
"2023-10","Canada","2016A000011124","Employment","Both sexes","15 years and over","Persons","249","thousands","3","v2091072","1.3.1.1","20337.0","","","","1"


