"REF_DATE","GEO","DGUID","North American Industry Classification System (NAICS)","UOM","UOM_ID","SCALAR_FACTOR","SCALAR_ID","VECTOR","COORDINATE","VALUE","STATUS","SYMBOL","TERMINATED","DECIMALS"
"1970-01","Canada","2016A000011124","Manufacturing [31-33]","Index, 202001=100","403","units","0","v1230996350","1.1","16.6","","","","1"
"1970-02","Canada","2016A000011124","Manufacturing [31-33]","Index, 202001=100","403","units","0","v1230996350","1.1","16.7","","","","1"
"1970-03","Canada","2016A000011124","Manufacturing [31-33]","Index, 202001=100","403","units","0","v1230996350","1.1","16.8","","","","1"
"1970-04","Canada","2016A000011124","Manufacturing [31-33]","Index, 202001=100","403","units","0","v1230996350","1.1","16.8","","","","1"
"1970-05","Canada","2016A000011124","Manufacturing [31-33]","Index, 202001=100","403","units","0","v1230996350","1.1","16.8","","","","1"
"1970-06","Canada","2016A000011124","Manufacturing [31-33]","Index, 202001=100","403","units","0","v1230996350","1.1","16.6","","","","1"
"1970-07","Canada","2016A000011124","Manufacturing [31-33]","Index, 202001=100","403","units","0","v1230996350","1.1","16.5","","","","1"
"1970-08","Canada","2016A000011124","Manufacturing [31-33]","Index, 202001=100","403","units","0","v1230996350","1.1","16.4","","","","1"
"1970-09","Canada","2016A000011124","Manufacturing [31-33]","Index, 202001=100","403","units","0","v1230996350","1.1","16.4","","","","1"
"1970-10","Canada","2016A000011124","Manufacturing [31-33]","Index, 202001=100","403","units","0","v1230996350","1.1","16.5","","","","1"
"1970-11","Canada","2016A000011124","Manufacturing [31-33]","Index, 202001=100","403","units","0","v1230996350","1.1","16.5","","","","1"
"1970-12","Canada","2016A000011124","Manufacturing [31-33]","Index, 202001=100","403","units","0","v1230996350","1.1","16.5","","","","1"
"1971-01","Canada","2016A000011124","Manufacturing [31-33]","Index, 202001=100","403","units","0","v1230996350","1.1","16.7","","","","1"
"1971-02","Canada","2016A000011124","Manufacturing [31-33]","Index, 202001=100","403","units","0","v1230996350","1.1","16.8","","","","1"
"1971-03","Canada","2016A000011124","Manufacturing [31-33]","Index, 202001=100","403","units","0","v1230996350","1.1","16.8","","","","1"
"1971-04","Canada","2016A000011124","Manufacturing [31-33]","Index, 202001=100","403","units","0","v1230996350","1.1","16.8","","","","1"
"1971-05","Canada","2016A000011124","Manufacturing [31-33]","Index, 202001=100","403","units","0","v1230996350","1.1","16.8","","","","1"
"1971-06","Canada","2016A000011124","Manufacturing [31-33]","Index, 202001=100","403","units","0","v1230996350","1.1","16.8","","","","1"
"1971-07","Canada","2016A000011124","Manufacturing [31-33]","Index, 202001=100","403","units","0","v1230996350","1.1","17.0","","","","1"
"1971-08","Canada","2016A000011124","Manufacturing [31-33]","Index, 202001=100","403","units","0","v1230996350","1.1","17.0","","","","1"
"1971-09","Canada","2016A000011124","Manufacturing [31-33]","Index, 202001=100","403","units","0","v1230996350","1.1","17.0","","","","1"
"1971-10","Canada","2016A000011124","Manufacturing [31-33]","Index, 202001=100","403","units","0","v1230996350","1.1","17.0","","","","1"
"1971-11","Canada","2016A000011124","Manufacturing [31-33]","Index, 202001=100","403","units","0","v1230996350","1.1","17.0","","","","1"
"1971-12","Canada","2016A000011124","Manufacturing [31-33]","Index, 202001=100","403","units","0","v1230996350","1.1","17.1","","","","1"
"1972-01","Canada","2016A000011124","Manufacturing [31-33]","Index, 202001=100","403","units","0","v1230996350","1.1","17.3","","","","1"
"1972-02","Canada","2016A000011124","Manufacturing [31-33]","Index, 202001=100","403","units","0","v1230996350","1.1","17.4","","","","1"
"1972-03","Canada","2016A000011124","Manufacturing [31-33]","Index, 202001=100","403","units","0","v1230996350","1.1","17.5","","","","1"
"1972-04","Canada","2016A000011124","Manufacturing [31-33]","Index, 202001=100","403","units","0","v1230996350","1.1","17.6","","","","1"
"1972-05","Canada","2016A000011124","Manufacturing [31-33]","Index, 202001=100","403","units","0","v1230996350","1.1","17.6","","","","1"
"1972-06","Canada","2016A000011124","Manufacturing [31-33]","Index, 202001=100","403","units","0","v1230996350","1.1","17.6","","","","1"
"1972-07","Canada","2016A000011124","Manufacturing [31-33]","Index, 202001=100","403","units","0","v1230996350","1.1","17.7","","","","1"
"1972-08","Canada","2016A000011124","Manufacturing [31-33]","Index, 202001=100","403","units","0","v1230996350","1.1","17.7","","","","1"
"1972-09","Canada","2016A000011124","Manufacturing [31-33]","Index, 202001=100","403","units","0","v1230996350","1.1","17.8","","","","1"
"1972-10","Canada","2016A000011124","Manufacturing [31-33]","Index, 202001=100","403","units","0","v1230996350","1.1","17.8","","","","1"
"1972-11","Canada","2016A000011124","Manufacturing [31-33]","Index, 202001=100","403","units","0","v1230996350","1.1","17.9","","","","1"
"1972-12","Canada","2016A000011124","Manufacturing [31-33]","Index, 202001=100","403","units","0","v1230996350","1.1","18.1","","","","1"
"1973-01","Canada","2016A000011124","Manufacturing [31-33]","Index, 202001=100","403","units","0","v1230996350","1.1","18.4","","","","1"
"1973-02","Canada","2016A000011124","Manufacturing [31-33]","Index, 202001=100","403","units","0","v1230996350","1.1","18.6","","","","1"
"1973-03","Canada","2016A000011124","Manufacturing [31-33]","Index, 202001=100","403","units","0","v1230996350","1.1","18.8","","","","1"
"1973-04","Canada","2016A000011124","Manufacturing [31-33]","Index, 202001=100","403","units","0","v1230996350","1.1","19.0","","","","1"
"1973-05","Canada","2016A000011124","Manufacturing [31-33]","Index, 202001=100","403","units","0","v1230996350","1.1","19.3","","","","1"
"1973-06","Canada","2016A000011124","Manufacturing [31-33]","Index, 202001=100","403","units","0","v1230996350","1.1","19.5","","","","1"
"1973-07","Canada","2016A000011124","Manufacturing [31-33]","Index, 202001=100","403","units","0","v1230996350","1.1","19.8","","","","1"
"1973-08","Canada","2016A000011124","Manufacturing [31-33]","Index, 202001=100","403","units","0","v1230996350","1.1","20.3","","","","1"
"1973-09","Canada","2016A000011124","Manufacturing [31-33]","Index, 202001=100","403","units","0","v1230996350","1.1","20.2","","","","1"
"1973-10","Canada","2016A000011124","Manufacturing [31-33]","Index, 202001=100","403","units","0","v1230996350","1.1","20.4","","","","1"
"1973-11","Canada","2016A000011124","Manufacturing [31-33]","Index, 202001=100","403","units","0","v1230996350","1.1","20.5","","","","1"
"1973-12","Canada","2016A000011124","Manufacturing [31-33]","Index, 202001=100","403","units","0","v1230996350","1.1","20.8","","","","1"
"1974-01","Canada","2016A000011124","Manufacturing [31-33]","Index, 202001=100","403","units","0","v1230996350","1.1","21.5","","","","1"
"1974-02","Canada","2016A000011124","Manufacturing [31-33]","Index, 202001=100","403","units","0","v1230996350","1.1","21.8","","","","1"
"1974-03","Canada","2016A000011124","Manufacturing [31-33]","Index, 202001=100","403","units","0","v1230996350","1.1","22.1","","","","1"
"1974-04","Canada","2016A000011124","Manufacturing [31-33]","Index, 202001=100","403","units","0","v1230996350","1.1","22.7","","","","1"
"1974-05","Canada","2016A000011124","Manufacturing [31-33]","Index, 202001=100","403","units","0","v1230996350","1.1","22.9","","","","1"
"1974-06","Canada","2016A000011124","Manufacturing [31-33]","Index, 202001=100","403","units","0","v1230996350","1.1","23.1","","","","1"
"1974-07","Canada","2016A000011124","Manufacturing [31-33]","Index, 202001=100","403","units","0","v1230996350","1.1","23.6","","","","1"
"1974-08","Canada","2016A000011124","Manufacturing [31-33]","Index, 202001=100","403","units","0","v1230996350","1.1","24.0","","","","1"
"1974-09","Canada","2016A000011124","Manufacturing [31-33]","Index, 202001=100","403","units","0","v1230996350","1.1","24.2","","","","1"
"1974-10","Canada","2016A000011124","Manufacturing [31-33]","Index, 202001=100","403","units","0","v1230996350","1.1","24.6","","","","1"
"1974-11","Canada","2016A000011124","Manufacturing [31-33]","Index, 202001=100","403","units","0","v1230996350","1.1","24.9","","","","1"
"1974-12","Canada","2016A000011124","Manufacturing [31-33]","Index, 202001=100","403","units","0","v1230996350","1.1","24.9","","","","1"
"1975-01","Canada","2016A000011124","Manufacturing [31-33]","Index, 202001=100","403","units","0","v1230996350","1.1","25.3","","","","1"
"1975-02","Canada","2016A000011124","Manufacturing [31-33]","Index, 202001=100","403","units","0","v1230996350","1.1","25.4","","","","1"
"1975-03","Canada","2016A000011124","Manufacturing [31-33]","Index, 202001=100","403","units","0","v1230996350","1.1","25.4","","","","1"
"1975-04","Canada","2016A000011124","Manufacturing [31-33]","Index, 202001=100","403","units","0","v1230996350","1.1","25.6","","","","1"
"1975-05","Canada","2016A000011124","Manufacturing [31-33]","Index, 202001=100","403","units","0","v1230996350","1.1","25.9","","","","1"
"1975-06","Canada","2016A000011124","Manufacturing [31-33]","Index, 202001=100","403","units","0","v1230996350","1.1","25.9","","","","1"
"1975-07","Canada","2016A000011124","Manufacturing [31-33]","Index, 202001=100","403","units","0","v1230996350","1.1","26.0","","","","1"
"1975-08","Canada","2016A000011124","Manufacturing [31-33]","Index, 202001=100","403","units","0","v1230996350","1.1","26.3","","","","1"
"1975-09","Canada","2016A000011124","Manufacturing [31-33]","Index, 202001=100","403","units","0","v1230996350","1.1","26.4","","","","1"
"1975-10","Canada","2016A000011124","Manufacturing [31-33]","Index, 202001=100","403","units","0","v1230996350","1.1","26.6","","","","1"
"1975-11","Canada","2016A000011124","Manufacturing [31-33]","Index, 202001=100","403","units","0","v1230996350","1.1","26.6","","","","1"
"1975-12","Canada","2016A000011124","Manufacturing [31-33]","Index, 202001=100","403","units","0","v1230996350","1.1","26.7","","","","1"
"1976-01","Canada","2016A000011124","Manufacturing [31-33]","Index, 202001=100","403","units","0","v1230996350","1.1","26.9","","","","1"
"1976-02","Canada","2016A000011124","Manufacturing [31-33]","Index, 202001=100","403","units","0","v1230996350","1.1","26.9","","","","1"
"1976-03","Canada","2016A000011124","Manufacturing [31-33]","Index, 202001=100","403","units","0","v1230996350","1.1","26.9","","","","1"
"1976-04","Canada","2016A000011124","Manufacturing [31-33]","Index, 202001=100","403","units","0","v1230996350","1.1","27.0","","","","1"
"1976-05","Canada","2016A000011124","Manufacturing [31-33]","Index, 202001=100","403","units","0","v1230996350","1.1","27.2","","","","1"
"1976-06","Canada","2016A000011124","Manufacturing [31-33]","Index, 202001=100","403","units","0","v1230996350","1.1","27.3","","","","1"
"1976-07","Canada","2016A000011124","Manufacturing [31-33]","Index, 202001=100","403","units","0","v1230996350","1.1","27.4","","","","1"
"1976-08","Canada","2016A000011124","Manufacturing [31-33]","Index, 202001=100","403","units","0","v1230996350","1.1","27.4","","","","1"
"1976-09","Canada","2016A000011124","Manufacturing [31-33]","Index, 202001=100","403","units","0","v1230996350","1.1","27.6","","","","1"
"1976-10","Canada","2016A000011124","Manufacturing [31-33]","Index, 202001=100","403","units","0","v1230996350","1.1","27.6","","","","1"
"1976-11","Canada","2016A000011124","Manufacturing [31-33]","Index, 202001=100","403","units","0","v1230996350","1.1","27.7","","","","1"
"1976-12","Canada","2016A000011124","Manufacturing [31-33]","Index, 202001=100","403","units","0","v1230996350","1.1","28.0","","","","1"
"1977-01","Canada","2016A000011124","Manufacturing [31-33]","Index, 202001=100","403","units","0","v1230996350","1.1","28.3","","","","1"
"1977-02","Canada","2016A000011124","Manufacturing [31-33]","Index, 202001=100","403","units","0","v1230996350","1.1","28.6","","","","1"
"1977-03","Canada","2016A000011124","Manufacturing [31-33]","Index, 202001=100","403","units","0","v1230996350","1.1","28.9","","","","1"
"1977-04","Canada","2016A000011124","Manufacturing [31-33]","Index, 202001=100","403","units","0","v1230996350","1.1","29.3","","","","1"
"1977-05","Canada","2016A000011124","Manufacturing [31-33]","Index, 202001=100","403","units","0","v1230996350","1.1","29.4","","","","1"
"1977-06","Canada","2016A000011124","Manufacturing [31-33]","Index, 202001=100","403","units","0","v1230996350","1.1","29.4","","","","1"
"1977-07","Canada","2016A000011124","Manufacturing [31-33]","Index, 202001=100","403","units","0","v1230996350","1.1","29.7","","","","1"
"1977-08","Canada","2016A000011124","Manufacturing [31-33]","Index, 202001=100","403","units","0","v1230996350","1.1","29.7","","","","1"
"1977-09","Canada","2016A000011124","Manufacturing [31-33]","Index, 202001=100","403","units","0","v1230996350","1.1","29.9","","","","1"
"1977-10","Canada","2016A000011124","Manufacturing [31-33]","Index, 202001=100","403","units","0","v1230996350","1.1","30.0","","","","1"
"1977-11","Canada","2016A000011124","Manufacturing [31-33]","Index, 202001=100","403","units","0","v1230996350","1.1","30.1","","","","1"
"1977-12","Canada","2016A000011124","Manufacturing [31-33]","Index, 202001=100","403","units","0","v1230996350","1.1","30.3","","","","1"
"1978-01","Canada","2016A000011124","Manufacturing [31-33]","Index, 202001=100","403","units","0","v1230996350","1.1","30.7","","","","1"
"1978-02","Canada","2016A000011124","Manufacturing [31-33]","Index, 202001=100","403","units","0","v1230996350","1.1","30.9","","","","1"
"1978-03","Canada","2016A000011124","Manufacturing [31-33]","Index, 202001=100","403","units","0","v1230996350","1.1","31.2","","","","1"
"1978-04","Canada","2016A000011124","Manufacturing [31-33]","Index, 202001=100","403","units","0","v1230996350","1.1","31.7","","","","1"
"1978-05","Canada","2016A000011124","Manufacturing [31-33]","Index, 202001=100","403","units","0","v1230996350","1.1","31.8","","","","1"
"1978-06","Canada","2016A000011124","Manufacturing [31-33]","Index, 202001=100","403","units","0","v1230996350","1.1","32.0","","","","1"
"1978-07","Canada","2016A000011124","Manufacturing [31-33]","Index, 202001=100","403","units","0","v1230996350","1.1","32.1","","","","1"
"1978-08","Canada","2016A000011124","Manufacturing [31-33]","Index, 202001=100","403","units","0","v1230996350","1.1","32.4","","","","1"
"1978-09","Canada","2016A000011124","Manufacturing [31-33]","Index, 202001=100","403","units","0","v1230996350","1.1","32.7","","","","1"
"1978-10","Canada","2016A000011124","Manufacturing [31-33]","Index, 202001=100","403","units","0","v1230996350","1.1","33.4","","","","1"
"1978-11","Canada","2016A000011124","Manufacturing [31-33]","Index, 202001=100","403","units","0","v1230996350","1.1","33.6","","","","1"
"1978-12","Canada","2016A000011124","Manufacturing [31-33]","Index, 202001=100","403","units","0","v1230996350","1.1","33.7","","","","1"
"1979-01","Canada","2016A000011124","Manufacturing [31-33]","Index, 202001=100","403","units","0","v1230996350","1.1","34.7","","","","1"
"1979-02","Canada","2016A000011124","Manufacturing [31-33]","Index, 202001=100","403","units","0","v1230996350","1.1","35.3","","","","1"
"1979-03","Canada","2016A000011124","Manufacturing [31-33]","Index, 202001=100","403","units","0","v1230996350","1.1","35.6","","","","1"
"1979-04","Canada","2016A000011124","Manufacturing [31-33]","Index, 202001=100","403","units","0","v1230996350","1.1","36.0","","","","1"
"1979-05","Canada","2016A000011124","Manufacturing [31-33]","Index, 202001=100","403","units","0","v1230996350","1.1","36.3","","","","1"
"1979-06","Canada","2016A000011124","Manufacturing [31-33]","Index, 202001=100","403","units","0","v1230996350","1.1","36.5","","","","1"
"1979-07","Canada","2016A000011124","Manufacturing [31-33]","Index, 202001=100","403","units","0","v1230996350","1.1","37.0","","","","1"
"1979-08","Canada","2016A000011124","Manufacturing [31-33]","Index, 202001=100","403","units","0","v1230996350","1.1","37.2","","","","1"
"1979-09","Canada","2016A000011124","Manufacturing [31-33]","Index, 202001=100","403","units","0","v1230996350","1.1","37.8","","","","1"
"1979-10","Canada","2016A000011124","Manufacturing [31-33]","Index, 202001=100","403","units","0","v1230996350","1.1","38.5","","","","1"
"1979-11","Canada","2016A000011124","Manufacturing [31-33]","Index, 202001=100","403","units","0","v1230996350","1.1","38.6","","","","1"
"1979-12","Canada","2016A000011124","Manufacturing [31-33]","Index, 202001=100","403","units","0","v1230996350","1.1","39.0","","","","1"
"1980-01","Canada","2016A000011124","Manufacturing [31-33]","Index, 202001=100","403","units","0","v1230996350","1.1","40.5","","","","1"
"1980-02","Canada","2016A000011124","Manufacturing [31-33]","Index, 202001=100","403","units","0","v1230996350","1.1","40.7","","","","1"
"1980-03","Canada","2016A000011124","Manufacturing [31-33]","Index, 202001=100","403","units","0","v1230996350","1.1","40.5","","","","1"
"1980-04","Canada","2016A000011124","Manufacturing [31-33]","Index, 202001=100","403","units","0","v1230996350","1.1","40.8","","","","1"
"1980-05","Canada","2016A000011124","Manufacturing [31-33]","Index, 202001=100","403","units","0","v1230996350","1.1","41.0","","","","1"
"1980-06","Canada","2016A000011124","Manufacturing [31-33]","Index, 202001=100","403","units","0","v1230996350","1.1","41.2","","","","1"
"1980-07","Canada","2016A000011124","Manufacturing [31-33]","Index, 202001=100","403","units","0","v1230996350","1.1","41.6","","","","1"
"1980-08","Canada","2016A000011124","Manufacturing [31-33]","Index, 202001=100","403","units","0","v1230996350","1.1","42.2","","","","1"
"1980-09","Canada","2016A000011124","Manufacturing [31-33]","Index, 202001=100","403","units","0","v1230996350","1.1","42.6","","","","1"
"1980-10","Canada","2016A000011124","Manufacturing [31-33]","Index, 202001=100","403","units","0","v1230996350","1.1","43.2","","","","1"
"1980-11","Canada","2016A000011124","Manufacturing [31-33]","Index, 202001=100","403","units","0","v1230996350","1.1","43.6","","","","1"
"1980-12","Canada","2016A000011124","Manufacturing [31-33]","Index, 202001=100","403","units","0","v1230996350","1.1","43.7","","","","1"
"1981-01","Canada","2016A000011124","Manufacturing [31-33]","Index, 202001=100","403","units","0","v1230996350","1.1","44.2","","","","1"
"1981-02","Canada","2016A000011124","Manufacturing [31-33]","Index, 202001=100","403","units","0","v1230996350","1.1","44.6","","","","1"
"1981-03","Canada","2016A000011124","Manufacturing [31-33]","Index, 202001=100","403","units","0","v1230996350","1.1","44.9","","","","1"
"1981-04","Canada","2016A000011124","Manufacturing [31-33]","Index, 202001=100","403","units","0","v1230996350","1.1","45.3","","","","1"
"1981-05","Canada","2016A000011124","Manufacturing [31-33]","Index, 202001=100","403","units","0","v1230996350","1.1","45.6","","","","1"
"1981-06","Canada","2016A000011124","Manufacturing [31-33]","Index, 202001=100","403","units","0","v1230996350","1.1","46.1","","","","1"
"1981-07","Canada","2016A000011124","Manufacturing [31-33]","Index, 202001=100","403","units","0","v1230996350","1.1","46.4","","","","1"
"1981-08","Canada","2016A000011124","Manufacturing [31-33]","Index, 202001=100","403","units","0","v1230996350","1.1","46.8","","","","1"
"1981-09","Canada","2016A000011124","Manufacturing [31-33]","Index, 202001=100","403","units","0","v1230996350","1.1","46.9","","","","1"
"1981-10","Canada","2016A000011124","Manufacturing [31-33]","Index, 202001=100","403","units","0","v1230996350","1.1","47.3","","","","1"
"1981-11","Canada","2016A000011124","Manufacturing [31-33]","Index, 202001=100","403","units","0","v1230996350","1.1","47.2","","","","1"
"1981-12","Canada","2016A000011124","Manufacturing [31-33]","Index, 202001=100","403","units","0","v1230996350","1.1","47.3","","","","1"
"1982-01","Canada","2016A000011124","Manufacturing [31-33]","Index, 202001=100","403","units","0","v1230996350","1.1","47.9","","","","1"
"1982-02","Canada","2016A000011124","Manufacturing [31-33]","Index, 202001=100","403","units","0","v1230996350","1.1","48.2","","","","1"
"1982-03","Canada","2016A000011124","Manufacturing [31-33]","Index, 202001=100","403","units","0","v1230996350","1.1","48.5","","","","1"
"1982-04","Canada","2016A000011124","Manufacturing [31-33]","Index, 202001=100","403","units","0","v1230996350","1.1","48.9","","","","1"
"1982-05","Canada","2016A000011124","Manufacturing [31-33]","Index, 202001=100","403","units","0","v1230996350","1.1","49.1","","","","1"
"1982-06","Canada","2016A000011124","Manufacturing [31-33]","Index, 202001=100","403","units","0","v1230996350","1.1","49.3","","","","1"
"1982-07","Canada","2016A000011124","Manufacturing [31-33]","Index, 202001=100","403","units","0","v1230996350","1.1","49.4","","","","1"
"1982-08","Canada","2016A000011124","Manufacturing [31-33]","Index, 202001=100","403","units","0","v1230996350","1.1","49.3","","","","1"
"1982-09","Canada","2016A000011124","Manufacturing [31-33]","Index, 202001=100","403","units","0","v1230996350","1.1","49.7","","","","1"
"1982-10","Canada","2016A000011124","Manufacturing [31-33]","Index, 202001=100","403","units","0","v1230996350","1.1","49.8","","","","1"
"1982-11","Canada","2016A000011124","Manufacturing [31-33]","Index, 202001=100","403","units","0","v1230996350","1.1","49.7","","","","1"
"1982-12","Canada","2016A000011124","Manufacturing [31-33]","Index, 202001=100","403","units","0","v1230996350","1.1","49.7","","","","1"
"1983-01","Canada","2016A000011124","Manufacturing [31-33]","Index, 202001=100","403","units","0","v1230996350","1.1","49.7","","","","1"
"1983-02","Canada","2016A000011124","Manufacturing [31-33]","Index, 202001=100","403","units","0","v1230996350","1.1","49.7","","","","1"
"1983-03","Canada","2016A000011124","Manufacturing [31-33]","Index, 202001=100","403","units","0","v1230996350","1.1","50.2","","","","1"
"1983-04","Canada","2016A000011124","Manufacturing [31-33]","Index, 202001=100","403","units","0","v1230996350","1.1","50.4","","","","1"
"1983-05","Canada","2016A000011124","Manufacturing [31-33]","Index, 202001=100","403","units","0","v1230996350","1.1","50.7","","","","1"
"1983-06","Canada","2016A000011124","Manufacturing [31-33]","Index, 202001=100","403","units","0","v1230996350","1.1","51.1","","","","1"
"1983-07","Canada","2016A000011124","Manufacturing [31-33]","Index, 202001=100","403","units","0","v1230996350","1.1","51.2","","","","1"
"1983-08","Canada","2016A000011124","Manufacturing [31-33]","Index, 202001=100","403","units","0","v1230996350","1.1","51.3","","","","1"
"1983-09","Canada","2016A000011124","Manufacturing [31-33]","Index, 202001=100","403","units","0","v1230996350","1.1","51.2","","","","1"
"1983-10","Canada","2016A000011124","Manufacturing [31-33]","Index, 202001=100","403","units","0","v1230996350","1.1","51.4","","","","1"
"1983-11","Canada","2016A000011124","Manufacturing [31-33]","Index, 202001=100","403","units","0","v1230996350","1.1","51.4","","","","1"
"1983-12","Canada","2016A000011124","Manufacturing [31-33]","Index, 202001=100","403","units","0","v1230996350","1.1","51.7","","","","1"
"1984-01","Canada","2016A000011124","Manufacturing [31-33]","Index, 202001=100","403","units","0","v1230996350","1.1","52.1","","","","1"
"1984-02","Canada","2016A000011124","Manufacturing [31-33]","Index, 202001=100","403","units","0","v1230996350","1.1","52.3","","","","1"
"1984-03","Canada","2016A000011124","Manufacturing [31-33]","Index, 202001=100","403","units","0","v1230996350","1.1","52.7","","","","1"
"1984-04","Canada","2016A000011124","Manufacturing [31-33]","Index, 202001=100","403","units","0","v1230996350","1.1","53.1","","","","1"
"1984-05","Canada","2016A000011124","Manufacturing [31-33]","Index, 202001=100","403","units","0","v1230996350","1.1","53.1","","","","1"
"1984-06","Canada","2016A000011124","Manufacturing [31-33]","Index, 202001=100","403","units","0","v1230996350","1.1","53.1","","","","1"
"1984-07","Canada","2016A000011124","Manufacturing [31-33]","Index, 202001=100","403","units","0","v1230996350","1.1","53.5","","","","1"
"1984-08","Canada","2016A000011124","Manufacturing [31-33]","Index, 202001=100","403","units","0","v1230996350","1.1","53.5","","","","1"
"1984-09","Canada","2016A000011124","Manufacturing [31-33]","Index, 202001=100","403","units","0","v1230996350","1.1","53.4","","","","1"
"1984-10","Canada","2016A000011124","Manufacturing [31-33]","Index, 202001=100","403","units","0","v1230996350","1.1","53.4","","","","1"
"1984-11","Canada","2016A000011124","Manufacturing [31-33]","Index, 202001=100","403","units","0","v1230996350","1.1","53.7","","","","1"
"1984-12","Canada","2016A000011124","Manufacturing [31-33]","Index, 202001=100","403","units","0","v1230996350","1.1","53.8","","","","1"
"1985-01","Canada","2016A000011124","Manufacturing [31-33]","Index, 202001=100","403","units","0","v1230996350","1.1","54.1","","","","1"
"1985-02","Canada","2016A000011124","Manufacturing [31-33]","Index, 202001=100","403","units","0","v1230996350","1.1","54.2","","","","1"
"1985-03","Canada","2016A000011124","Manufacturing [31-33]","Index, 202001=100","403","units","0","v1230996350","1.1","54.5","","","","1"
"1985-04","Canada","2016A000011124","Manufacturing [31-33]","Index, 202001=100","403","units","0","v1230996350","1.1","54.5","","","","1"
"1985-05","Canada","2016A000011124","Manufacturing [31-33]","Index, 202001=100","403","units","0","v1230996350","1.1","54.6","","","","1"
"1985-06","Canada","2016A000011124","Manufacturing [31-33]","Index, 202001=100","403","units","0","v1230996350","1.1","54.6","","","","1"
"1985-07","Canada","2016A000011124","Manufacturing [31-33]","Index, 202001=100","403","units","0","v1230996350","1.1","54.6","","","","1"
"1985-08","Canada","2016A000011124","Manufacturing [31-33]","Index, 202001=100","403","units","0","v1230996350","1.1","54.5","","","","1"
"1985-09","Canada","2016A000011124","Manufacturing [31-33]","Index, 202001=100","403","units","0","v1230996350","1.1","54.6","","","","1"
"1985-10","Canada","2016A000011124","Manufacturing [31-33]","Index, 202001=100","403","units","0","v1230996350","1.1","54.8","","","","1"
"1985-11","Canada","2016A000011124","Manufacturing [31-33]","Index, 202001=100","403","units","0","v1230996350","1.1","54.9","","","","1"
"1985-12","Canada","2016A000011124","Manufacturing [31-33]","Index, 202001=100","403","units","0","v1230996350","1.1","55.3","","","","1"
"1986-01","Canada","2016A000011124","Manufacturing [31-33]","Index, 202001=100","403","units","0","v1230996350","1.1","55.2","","","","1"
"1986-02","Canada","2016A000011124","Manufacturing [31-33]","Index, 202001=100","403","units","0","v1230996350","1.1","55.1","","","","1"
"1986-03","Canada","2016A000011124","Manufacturing [31-33]","Index, 202001=100","403","units","0","v1230996350","1.1","55.0","","","","1"
"1986-04","Canada","2016A000011124","Manufacturing [31-33]","Index, 202001=100","403","units","0","v1230996350","1.1","54.9","","","","1"
"1986-05","Canada","2016A000011124","Manufacturing [31-33]","Index, 202001=100","403","units","0","v1230996350","1.1","54.5","","","","1"
"1986-06","Canada","2016A000011124","Manufacturing [31-33]","Index, 202001=100","403","units","0","v1230996350","1.1","54.7","","","","1"
"1986-07","Canada","2016A000011124","Manufacturing [31-33]","Index, 202001=100","403","units","0","v1230996350","1.1","54.8","","","","1"
"1986-08","Canada","2016A000011124","Manufacturing [31-33]","Index, 202001=100","403","units","0","v1230996350","1.1","55.1","","","","1"
"1986-09","Canada","2016A000011124","Manufacturing [31-33]","Index, 202001=100","403","units","0","v1230996350","1.1","55.2","","","","1"
"1986-10","Canada","2016A000011124","Manufacturing [31-33]","Index, 202001=100","403","units","0","v1230996350","1.1","55.5","","","","1"
"1986-11","Canada","2016A000011124","Manufacturing [31-33]","Index, 202001=100","403","units","0","v1230996350","1.1","55.5","","","","1"
"1986-12","Canada","2016A000011124","Manufacturing [31-33]","Index, 202001=100","403","units","0","v1230996350","1.1","55.4","","","","1"
"1987-01","Canada","2016A000011124","Manufacturing [31-33]","Index, 202001=100","403","units","0","v1230996350","1.1","55.7","","","","1"
"1987-02","Canada","2016A000011124","Manufacturing [31-33]","Index, 202001=100","403","units","0","v1230996350","1.1","55.5","","","","1"
"1987-03","Canada","2016A000011124","Manufacturing [31-33]","Index, 202001=100","403","units","0","v1230996350","1.1","55.5","","","","1"
"1987-04","Canada","2016A000011124","Manufacturing [31-33]","Index, 202001=100","403","units","0","v1230996350","1.1","55.9","","","","1"
"1987-05","Canada","2016A000011124","Manufacturing [31-33]","Index, 202001=100","403","units","0","v1230996350","1.1","56.4","","","","1"
"1987-06","Canada","2016A000011124","Manufacturing [31-33]","Index, 202001=100","403","units","0","v1230996350","1.1","56.5","","","","1"
"1987-07","Canada","2016A000011124","Manufacturing [31-33]","Index, 202001=100","403","units","0","v1230996350","1.1","56.8","","","","1"
"1987-08","Canada","2016A000011124","Manufacturing [31-33]","Index, 202001=100","403","units","0","v1230996350","1.1","57.1","","","","1"
"1987-09","Canada","2016A000011124","Manufacturing [31-33]","Index, 202001=100","403","units","0","v1230996350","1.1","57.1","","","","1"
"1987-10","Canada","2016A000011124","Manufacturing [31-33]","Index, 202001=100","403","units","0","v1230996350","1.1","57.3","","","","1"
"1987-11","Canada","2016A000011124","Manufacturing [31-33]","Index, 202001=100","403","units","0","v1230996350","1.1","57.7","","","","1"
"1987-12","Canada","2016A000011124","Manufacturing [31-33]","Index, 202001=100","403","units","0","v1230996350","1.1","57.8","","","","1"
"1988-01","Canada","2016A000011124","Manufacturing [31-33]","Index, 202001=100","403","units","0","v1230996350","1.1","58.3","","","","1"
"1988-02","Canada","2016A000011124","Manufacturing [31-33]","Index, 202001=100","403","units","0","v1230996350","1.1","58.1","","","","1"
"1988-03","Canada","2016A000011124","Manufacturing [31-33]","Index, 202001=100","403","units","0","v1230996350","1.1","58.3","","","","1"
"1988-04","Canada","2016A000011124","Manufacturing [31-33]","Index, 202001=100","403","units","0","v1230996350","1.1","58.5","","","","1"
"1988-05","Canada","2016A000011124","Manufacturing [31-33]","Index, 202001=100","403","units","0","v1230996350","1.1","58.8","","","","1"
"1988-06","Canada","2016A000011124","Manufacturing [31-33]","Index, 202001=100","403","units","0","v1230996350","1.1","59.0","","","","1"
"1988-07","Canada","2016A000011124","Manufacturing [31-33]","Index, 202001=100","403","units","0","v1230996350","1.1","59.3","","","","1"
"1988-08","Canada","2016A000011124","Manufacturing [31-33]","Index, 202001=100","403","units","0","v1230996350","1.1","59.5","","","","1"
"1988-09","Canada","2016A000011124","Manufacturing [31-33]","Index, 202001=100","403","units","0","v1230996350","1.1","59.5","","","","1"
"1988-10","Canada","2016A000011124","Manufacturing [31-33]","Index, 202001=100","403","units","0","v1230996350","1.1","59.5","","","","1"
"1988-11","Canada","2016A000011124","Manufacturing [31-33]","Index, 202001=100","403","units","0","v1230996350","1.1","59.9","","","","1"
"1988-12","Canada","2016A000011124","Manufacturing [31-33]","Index, 202001=100","403","units","0","v1230996350","1.1","59.9","","","","1"
"1989-01","Canada","2016A000011124","Manufacturing [31-33]","Index, 202001=100","403","units","0","v1230996350","1.1","60.3","","","","1"
"1989-02","Canada","2016A000011124","Manufacturing [31-33]","Index, 202001=100","403","units","0","v1230996350","1.1","60.3","","","","1"
"1989-03","Canada","2016A000011124","Manufacturing [31-33]","Index, 202001=100","403","units","0","v1230996350","1.1","60.5","","","","1"
"1989-04","Canada","2016A000011124","Manufacturing [31-33]","Index, 202001=100","403","units","0","v1230996350","1.1","60.4","","","","1"
"1989-05","Canada","2016A000011124","Manufacturing [31-33]","Index, 202001=100","403","units","0","v1230996350","1.1","60.4","","","","1"
"1989-06","Canada","2016A000011124","Manufacturing [31-33]","Index, 202001=100","403","units","0","v1230996350","1.1","60.5","","","","1"
"1989-07","Canada","2016A000011124","Manufacturing [31-33]","Index, 202001=100","403","units","0","v1230996350","1.1","60.4","","","","1"
"1989-08","Canada","2016A000011124","Manufacturing [31-33]","Index, 202001=100","403","units","0","v1230996350","1.1","60.3","","","","1"
"1989-09","Canada","2016A000011124","Manufacturing [31-33]","Index, 202001=100","403","units","0","v1230996350","1.1","60.2","","","","1"
"1989-10","Canada","2016A000011124","Manufacturing [31-33]","Index, 202001=100","403","units","0","v1230996350","1.1","60.1","","","","1"
"1989-11","Canada","2016A000011124","Manufacturing [31-33]","Index, 202001=100","403","units","0","v1230996350","1.1","59.9","","","","1"
"1989-12","Canada","2016A000011124","Manufacturing [31-33]","Index, 202001=100","403","units","0","v1230996350","1.1","59.8","","","","1"
"1990-01","Canada","2016A000011124","Manufacturing [31-33]","Index, 202001=100","403","units","0","v1230996350","1.1","59.8","","","","1"
"1990-02","Canada","2016A000011124","Manufacturing [31-33]","Index, 202001=100","403","units","0","v1230996350","1.1","60.3","","","","1"
"1990-03","Canada","2016A000011124","Manufacturing [31-33]","Index, 202001=100","403","units","0","v1230996350","1.1","60.2","","","","1"
"1990-04","Canada","2016A000011124","Manufacturing [31-33]","Index, 202001=100","403","units","0","v1230996350","1.1","60.1","","","","1"
"1990-05","Canada","2016A000011124","Manufacturing [31-33]","Index, 202001=100","403","units","0","v1230996350","1.1","60.4","","","","1"
"1990-06","Canada","2016A000011124","Manufacturing [31-33]","Index, 202001=100","403","units","0","v1230996350","1.1","60.3","","","","1"
"1990-07","Canada","2016A000011124","Manufacturing [31-33]","Index, 202001=100","403","units","0","v1230996350","1.1","60.1","","","","1"
"1990-08","Canada","2016A000011124","Manufacturing [31-33]","Index, 202001=100","403","units","0","v1230996350","1.1","60.2","","","","1"
"1990-09","Canada","2016A000011124","Manufacturing [31-33]","Index, 202001=100","403","units","0","v1230996350","1.1","60.7","","","","1"
"1990-10","Canada","2016A000011124","Manufacturing [31-33]","Index, 202001=100","403","units","0","v1230996350","1.1","60.9","","","","1"
"1990-11","Canada","2016A000011124","Manufacturing [31-33]","Index, 202001=100","403","units","0","v1230996350","1.1","61.1","","","","1"
"1990-12","Canada","2016A000011124","Manufacturing [31-33]","Index, 202001=100","403","units","0","v1230996350","1.1","61.2","","","","1"
"1991-01","Canada","2016A000011124","Manufacturing [31-33]","Index, 202001=100","403","units","0","v1230996350","1.1","61.2","","","","1"
"1991-02","Canada","2016A000011124","Manufacturing [31-33]","Index, 202001=100","403","units","0","v1230996350","1.1","60.9","","","","1"
"1991-03","Canada","2016A000011124","Manufacturing [31-33]","Index, 202001=100","403","units","0","v1230996350","1.1","60.4","","","","1"
"1991-04","Canada","2016A000011124","Manufacturing [31-33]","Index, 202001=100","403","units","0","v1230996350","1.1","60.1","","","","1"
"1991-05","Canada","2016A000011124","Manufacturing [31-33]","Index, 202001=100","403","units","0","v1230996350","1.1","59.8","","","","1"
"1991-06","Canada","2016A000011124","Manufacturing [31-33]","Index, 202001=100","403","units","0","v1230996350","1.1","59.8","","","","1"
"1991-07","Canada","2016A000011124","Manufacturing [31-33]","Index, 202001=100","403","units","0","v1230996350","1.1","59.6","","","","1"
"1991-08","Canada","2016A000011124","Manufacturing [31-33]","Index, 202001=100","403","units","0","v1230996350","1.1","59.3","","","","1"
"1991-09","Canada","2016A000011124","Manufacturing [31-33]","Index, 202001=100","403","units","0","v1230996350","1.1","59.2","","","","1"
"1991-10","Canada","2016A000011124","Manufacturing [31-33]","Index, 202001=100","403","units","0","v1230996350","1.1","59.2","","","","1"
"1991-11","Canada","2016A000011124","Manufacturing [31-33]","Index, 202001=100","403","units","0","v1230996350","1.1","59.2","","","","1"
"1991-12","Canada","2016A000011124","Manufacturing [31-33]","Index, 202001=100","403","units","0","v1230996350","1.1","59.1","","","","1"
"1992-01","Canada","2016A000011124","Manufacturing [31-33]","Index, 202001=100","403","units","0","v1230996350","1.1","58.8","","","","1"
"1992-02","Canada","2016A000011124","Manufacturing [31-33]","Index, 202001=100","403","units","0","v1230996350","1.1","59.4","","","","1"
"1992-03","Canada","2016A000011124","Manufacturing [31-33]","Index, 202001=100","403","units","0","v1230996350","1.1","59.5","","","","1"
"1992-04","Canada","2016A000011124","Manufacturing [31-33]","Index, 202001=100","403","units","0","v1230996350","1.1","59.4","","","","1"
"1992-05","Canada","2016A000011124","Manufacturing [31-33]","Index, 202001=100","403","units","0","v1230996350","1.1","59.8","","","","1"
"1992-06","Canada","2016A000011124","Manufacturing [31-33]","Index, 202001=100","403","units","0","v1230996350","1.1","60.0","","","","1"
"1992-07","Canada","2016A000011124","Manufacturing [31-33]","Index, 202001=100","403","units","0","v1230996350","1.1","60.1","","","","1"
"1992-08","Canada","2016A000011124","Manufacturing [31-33]","Index, 202001=100","403","units","0","v1230996350","1.1","60.2","","","","1"
"1992-09","Canada","2016A000011124","Manufacturing [31-33]","Index, 202001=100","403","units","0","v1230996350","1.1","60.5","","","","1"
"1992-10","Canada","2016A000011124","Manufacturing [31-33]","Index, 202001=100","403","units","0","v1230996350","1.1","60.9","","","","1"
"1992-11","Canada","2016A000011124","Manufacturing [31-33]","Index, 202001=100","403","units","0","v1230996350","1.1","61.2","","","","1"
"1992-12","Canada","2016A000011124","Manufacturing [31-33]","Index, 202001=100","403","units","0","v1230996350","1.1","61.3","","","","1"
"1993-01","Canada","2016A000011124","Manufacturing [31-33]","Index, 202001=100","403","units","0","v1230996350","1.1","61.9","","","","1"
"1993-02","Canada","2016A000011124","Manufacturing [31-33]","Index, 202001=100","403","units","0","v1230996350","1.1","61.9","","","","1"
"1993-03","Canada","2016A000011124","Manufacturing [31-33]","Index, 202001=100","403","units","0","v1230996350","1.1","62.1","","","","1"
"1993-04","Canada","2016A000011124","Manufacturing [31-33]","Index, 202001=100","403","units","0","v1230996350","1.1","62.0","","","","1"
"1993-05","Canada","2016A000011124","Manufacturing [31-33]","Index, 202001=100","403","units","0","v1230996350","1.1","61.9","","","","1"
"1993-06","Canada","2016A000011124","Manufacturing [31-33]","Index, 202001=100","403","units","0","v1230996350","1.1","61.7","","","","1"
"1993-07","Canada","2016A000011124","Manufacturing [31-33]","Index, 202001=100","403","units","0","v1230996350","1.1","61.8","","","","1"
"1993-08","Canada","2016A000011124","Manufacturing [31-33]","Index, 202001=100","403","units","0","v1230996350","1.1","62.3","","","","1"
"1993-09","Canada","2016A000011124","Manufacturing [31-33]","Index, 202001=100","403","units","0","v1230996350","1.1","62.4","","","","1"
"1993-10","Canada","2016A000011124","Manufacturing [31-33]","Index, 202001=100","403","units","0","v1230996350","1.1","62.8","","","","1"
"1993-11","Canada","2016A000011124","Manufacturing [31-33]","Index, 202001=100","403","units","0","v1230996350","1.1","63.0","","","","1"
"1993-12","Canada","2016A000011124","Manufacturing [31-33]","Index, 202001=100","403","units","0","v1230996350","1.1","63.4","","","","1"
"1994-01","Canada","2016A000011124","Manufacturing [31-33]","Index, 202001=100","403","units","0","v1230996350","1.1","63.6","","","","1"
"1994-02","Canada","2016A000011124","Manufacturing [31-33]","Index, 202001=100","403","units","0","v1230996350","1.1","64.3","","","","1"
"1994-03","Canada","2016A000011124","Manufacturing [31-33]","Index, 202001=100","403","units","0","v1230996350","1.1","64.6","","","","1"
"1994-04","Canada","2016A000011124","Manufacturing [31-33]","Index, 202001=100","403","units","0","v1230996350","1.1","64.9","","","","1"
"1994-05","Canada","2016A000011124","Manufacturing [31-33]","Index, 202001=100","403","units","0","v1230996350","1.1","65.3","","","","1"
"1994-06","Canada","2016A000011124","Manufacturing [31-33]","Index, 202001=100","403","units","0","v1230996350","1.1","66.0","","","","1"
"1994-07","Canada","2016A000011124","Manufacturing [31-33]","Index, 202001=100","403","units","0","v1230996350","1.1","66.3","","","","1"
"1994-08","Canada","2016A000011124","Manufacturing [31-33]","Index, 202001=100","403","units","0","v1230996350","1.1","67.0","","","","1"
"1994-09","Canada","2016A000011124","Manufacturing [31-33]","Index, 202001=100","403","units","0","v1230996350","1.1","66.7","","","","1"
"1994-10","Canada","2016A000011124","Manufacturing [31-33]","Index, 202001=100","403","units","0","v1230996350","1.1","67.2","","","","1"
"1994-11","Canada","2016A000011124","Manufacturing [31-33]","Index, 202001=100","403","units","0","v1230996350","1.1","68.0","","","","1"
"1994-12","Canada","2016A000011124","Manufacturing [31-33]","Index, 202001=100","403","units","0","v1230996350","1.1","68.6","","","","1"
"1995-01","Canada","2016A000011124","Manufacturing [31-33]","Index, 202001=100","403","units","0","v1230996350","1.1","70.2","","","","1"
"1995-02","Canada","2016A000011124","Manufacturing [31-33]","Index, 202001=100","403","units","0","v1230996350","1.1","70.4","","","","1"
"1995-03","Canada","2016A000011124","Manufacturing [31-33]","Index, 202001=100","403","units","0","v1230996350","1.1","70.8","","","","1"
"1995-04","Canada","2016A000011124","Manufacturing [31-33]","Index, 202001=100","403","units","0","v1230996350","1.1","70.5","","","","1"
"1995-05","Canada","2016A000011124","Manufacturing [31-33]","Index, 202001=100","403","units","0","v1230996350","1.1","70.5","","","","1"
"1995-06","Canada","2016A000011124","Manufacturing [31-33]","Index, 202001=100","403","units","0","v1230996350","1.1","71.0","","","","1"
"1995-07","Canada","2016A000011124","Manufacturing [31-33]","Index, 202001=100","403","units","0","v1230996350","1.1","71.3","","","","1"
"1995-08","Canada","2016A000011124","Manufacturing [31-33]","Index, 202001=100","403","units","0","v1230996350","1.1","71.2","","","","1"
"1995-09","Canada","2016A000011124","Manufacturing [31-33]","Index, 202001=100","403","units","0","v1230996350","1.1","71.5","","","","1"
"1995-10","Canada","2016A000011124","Manufacturing [31-33]","Index, 202001=100","403","units","0","v1230996350","1.1","71.2","","","","1"
"1995-11","Canada","2016A000011124","Manufacturing [31-33]","Index, 202001=100","403","units","0","v1230996350","1.1","71.3","","","","1"
"1995-12","Canada","2016A000011124","Manufacturing [31-33]","Index, 202001=100","403","units","0","v1230996350","1.1","71.5","","","","1"
"1996-01","Canada","2016A000011124","Manufacturing [31-33]","Index, 202001=100","403","units","0","v1230996350","1.1","71.4","","","","1"
"1996-02","Canada","2016A000011124","Manufacturing [31-33]","Index, 202001=100","403","units","0","v1230996350","1.1","71.4","","","","1"
"1996-03","Canada","2016A000011124","Manufacturing [31-33]","Index, 202001=100","403","units","0","v1230996350","1.1","70.9","","","","1"
"1996-04","Canada","2016A000011124","Manufacturing [31-33]","Index, 202001=100","403","units","0","v1230996350","1.1","70.8","","","","1"
"1996-05","Canada","2016A000011124","Manufacturing [31-33]","Index, 202001=100","403","units","0","v1230996350","1.1","71.5","","","","1"
"1996-06","Canada","2016A000011124","Manufacturing [31-33]","Index, 202001=100","403","units","0","v1230996350","1.1","71.0","","","","1"
"1996-07","Canada","2016A000011124","Manufacturing [31-33]","Index, 202001=100","403","units","0","v1230996350","1.1","71.0","","","","1"
"1996-08","Canada","2016A000011124","Manufacturing [31-33]","Index, 202001=100","403","units","0","v1230996350","1.1","71.5","","","","1"
"1996-09","Canada","2016A000011124","Manufacturing [31-33]","Index, 202001=100","403","units","0","v1230996350","1.1","71.6","","","","1"
"1996-10","Canada","2016A000011124","Manufacturing [31-33]","Index, 202001=100","403","units","0","v1230996350","1.1","71.3","","","","1"
"1996-11","Canada","2016A000011124","Manufacturing [31-33]","Index, 202001=100","403","units","0","v1230996350","1.1","71.2","","","","1"
"1996-12","Canada","2016A000011124","Manufacturing [31-33]","Index, 202001=100","403","units","0","v1230996350","1.1","71.5","","","","1"
"1997-01","Canada","2016A000011124","Manufacturing [31-33]","Index, 202001=100","403","units","0","v1230996350","1.1","71.4","","","","1"
"1997-02","Canada","2016A000011124","Manufacturing [31-33]","Index, 202001=100","403","units","0","v1230996350","1.1","71.4","","","","1"
"1997-03","Canada","2016A000011124","Manufacturing [31-33]","Index, 202001=100","403","units","0","v1230996350","1.1","71.5","","","","1"
"1997-04","Canada","2016A000011124","Manufacturing [31-33]","Index, 202001=100","403","units","0","v1230996350","1.1","72.1","","","","1"
"1997-05","Canada","2016A000011124","Manufacturing [31-33]","Index, 202001=100","403","units","0","v1230996350","1.1","72.0","","","","1"
"1997-06","Canada","2016A000011124","Manufacturing [31-33]","Index, 202001=100","403","units","0","v1230996350","1.1","71.7","","","","1"
"1997-07","Canada","2016A000011124","Manufacturing [31-33]","Index, 202001=100","403","units","0","v1230996350","1.1","71.5","","","","1"
"1997-08","Canada","2016A000011124","Manufacturing [31-33]","Index, 202001=100","403","units","0","v1230996350","1.1","72.0","","","","1"
"1997-09","Canada","2016A000011124","Manufacturing [31-33]","Index, 202001=100","403","units","0","v1230996350","1.1","71.8","","","","1"
"1997-10","Canada","2016A000011124","Manufacturing [31-33]","Index, 202001=100","403","units","0","v1230996350","1.1","71.7","","","","1"
"1997-11","Canada","2016A000011124","Manufacturing [31-33]","Index, 202001=100","403","units","0","v1230996350","1.1","72.1","","","","1"
"1997-12","Canada","2016A000011124","Manufacturing [31-33]","Index, 202001=100","403","units","0","v1230996350","1.1","72.0","","","","1"
"1998-01","Canada","2016A000011124","Manufacturing [31-33]","Index, 202001=100","403","units","0","v1230996350","1.1","72.0","","","","1"
"1998-02","Canada","2016A000011124","Manufacturing [31-33]","Index, 202001=100","403","units","0","v1230996350","1.1","71.9","","","","1"
"1998-03","Canada","2016A000011124","Manufacturing [31-33]","Index, 202001=100","403","units","0","v1230996350","1.1","71.0","","","","1"
"1998-04","Canada","2016A000011124","Manufacturing [31-33]","Index, 202001=100","403","units","0","v1230996350","1.1","71.7","","","","1"
"1998-05","Canada","2016A000011124","Manufacturing [31-33]","Index, 202001=100","403","units","0","v1230996350","1.1","71.7","","","","1"
"1998-06","Canada","2016A000011124","Manufacturing [31-33]","Index, 202001=100","403","units","0","v1230996350","1.1","71.8","","","","1"
"1998-07","Canada","2016A000011124","Manufacturing [31-33]","Index, 202001=100","403","units","0","v1230996350","1.1","72.1","","","","1"
"1998-08","Canada","2016A000011124","Manufacturing [31-33]","Index, 202001=100","403","units","0","v1230996350","1.1","72.5","","","","1"
"1998-09","Canada","2016A000011124","Manufacturing [31-33]","Index, 202001=100","403","units","0","v1230996350","1.1","72.1","","","","1"
"1998-10","Canada","2016A000011124","Manufacturing [31-33]","Index, 202001=100","403","units","0","v1230996350","1.1","72.7","","","","1"
"1998-11","Canada","2016A000011124","Manufacturing [31-33]","Index, 202001=100","403","units","0","v1230996350","1.1","72.7","","","","1"
"1998-12","Canada","2016A000011124","Manufacturing [31-33]","Index, 202001=100","403","units","0","v1230996350","1.1","72.1","","","","1"
"1999-01","Canada","2016A000011124","Manufacturing [31-33]","Index, 202001=100","403","units","0","v1230996350","1.1","72.1","","","","1"
"1999-02","Canada","2016A000011124","Manufacturing [31-33]","Index, 202001=100","403","units","0","v1230996350","1.1","71.7","","","","1"
"1999-03","Canada","2016A000011124","Manufacturing [31-33]","Index, 202001=100","403","units","0","v1230996350","1.1","72.5","","","","1"
"1999-04","Canada","2016A000011124","Manufacturing [31-33]","Index, 202001=100","403","units","0","v1230996350","1.1","72.5","","","","1"
"1999-05","Canada","2016A000011124","Manufacturing [31-33]","Index, 202001=100","403","units","0","v1230996350","1.1","72.6","","","","1"
"1999-06","Canada","2016A000011124","Manufacturing [31-33]","Index, 202001=100","403","units","0","v1230996350","1.1","72.7","","","","1"
"1999-07","Canada","2016A000011124","Manufacturing [31-33]","Index, 202001=100","403","units","0","v1230996350","1.1","73.8","","","","1"
"1999-08","Canada","2016A000011124","Manufacturing [31-33]","Index, 202001=100","403","units","0","v1230996350","1.1","73.9","","","","1"
"1999-09","Canada","2016A000011124","Manufacturing [31-33]","Index, 202001=100","403","units","0","v1230996350","1.1","74.3","","","","1"
"1999-10","Canada","2016A000011124","Manufacturing [31-33]","Index, 202001=100","403","units","0","v1230996350","1.1","74.3","","","","1"
"1999-11","Canada","2016A000011124","Manufacturing [31-33]","Index, 202001=100","403","units","0","v1230996350","1.1","74.4","","","","1"
"1999-12","Canada","2016A000011124","Manufacturing [31-33]","Index, 202001=100","403","units","0","v1230996350","1.1","74.8","","","","1"
"2000-01","Canada","2016A000011124","Manufacturing [31-33]","Index, 202001=100","403","units","0","v1230996350","1.1","74.8","","","","1"
"2000-02","Canada","2016A000011124","Manufacturing [31-33]","Index, 202001=100","403","units","0","v1230996350","1.1","75.5","","","","1"
"2000-03","Canada","2016A000011124","Manufacturing [31-33]","Index, 202001=100","403","units","0","v1230996350","1.1","76.1","","","","1"
"2000-04","Canada","2016A000011124","Manufacturing [31-33]","Index, 202001=100","403","units","0","v1230996350","1.1","76.1","","","","1"
"2000-05","Canada","2016A000011124","Manufacturing [31-33]","Index, 202001=100","403","units","0","v1230996350","1.1","76.4","","","","1"
"2000-06","Canada","2016A000011124","Manufacturing [31-33]","Index, 202001=100","403","units","0","v1230996350","1.1","76.4","","","","1"
"2000-07","Canada","2016A000011124","Manufacturing [31-33]","Index, 202001=100","403","units","0","v1230996350","1.1","76.4","","","","1"
"2000-08","Canada","2016A000011124","Manufacturing [31-33]","Index, 202001=100","403","units","0","v1230996350","1.1","76.4","","","","1"
"2000-09","Canada","2016A000011124","Manufacturing [31-33]","Index, 202001=100","403","units","0","v1230996350","1.1","76.7","","","","1"
"2000-10","Canada","2016A000011124","Manufacturing [31-33]","Index, 202001=100","403","units","0","v1230996350","1.1","77.4","","","","1"
"2000-11","Canada","2016A000011124","Manufacturing [31-33]","Index, 202001=100","403","units","0","v1230996350","1.1","77.9","","","","1"
"2000-12","Canada","2016A000011124","Manufacturing [31-33]","Index, 202001=100","403","units","0","v1230996350","1.1","77.5","","","","1"
"2001-01","Canada","2016A000011124","Manufacturing [31-33]","Index, 202001=100","403","units","0","v1230996350","1.1","77.1","","","","1"
"2001-02","Canada","2016A000011124","Manufacturing [31-33]","Index, 202001=100","403","units","0","v1230996350","1.1","77.5","","","","1"
"2001-03","Canada","2016A000011124","Manufacturing [31-33]","Index, 202001=100","403","units","0","v1230996350","1.1","77.8","","","","1"
"2001-04","Canada","2016A000011124","Manufacturing [31-33]","Index, 202001=100","403","units","0","v1230996350","1.1","78.2","","","","1"
"2001-05","Canada","2016A000011124","Manufacturing [31-33]","Index, 202001=100","403","units","0","v1230996350","1.1","78.5","","","","1"
"2001-06","Canada","2016A000011124","Manufacturing [31-33]","Index, 202001=100","403","units","0","v1230996350","1.1","77.5","","","","1"
"2001-07","Canada","2016A000011124","Manufacturing [31-33]","Index, 202001=100","403","units","0","v1230996350","1.1","76.9","","","","1"
"2001-08","Canada","2016A000011124","Manufacturing [31-33]","Index, 202001=100","403","units","0","v1230996350","1.1","76.9","","","","1"
"2001-09","Canada","2016A000011124","Manufacturing [31-33]","Index, 202001=100","403","units","0","v1230996350","1.1","77.5","","","","1"
"2001-10","Canada","2016A000011124","Manufacturing [31-33]","Index, 202001=100","403","units","0","v1230996350","1.1","76.4","","","","1"
"2001-11","Canada","2016A000011124","Manufacturing [31-33]","Index, 202001=100","403","units","0","v1230996350","1.1","76.3","","","","1"
"2001-12","Canada","2016A000011124","Manufacturing [31-33]","Index, 202001=100","403","units","0","v1230996350","1.1","75.5","","","","1"
"2002-01","Canada","2016A000011124","Manufacturing [31-33]","Index, 202001=100","403","units","0","v1230996350","1.1","76.2","","","","1"
"2002-02","Canada","2016A000011124","Manufacturing [31-33]","Index, 202001=100","403","units","0","v1230996350","1.1","76.6","","","","1"
"2002-03","Canada","2016A000011124","Manufacturing [31-33]","Index, 202001=100","403","units","0","v1230996350","1.1","77.1","","","","1"
"2002-04","Canada","2016A000011124","Manufacturing [31-33]","Index, 202001=100","403","units","0","v1230996350","1.1","77.3","","","","1"
"2002-05","Canada","2016A000011124","Manufacturing [31-33]","Index, 202001=100","403","units","0","v1230996350","1.1","76.8","","","","1"
"2002-06","Canada","2016A000011124","Manufacturing [31-33]","Index, 202001=100","403","units","0","v1230996350","1.1","76.6","","","","1"
"2002-07","Canada","2016A000011124","Manufacturing [31-33]","Index, 202001=100","403","units","0","v1230996350","1.1","76.8","","","","1"
"2002-08","Canada","2016A000011124","Manufacturing [31-33]","Index, 202001=100","403","units","0","v1230996350","1.1","77.4","","","","1"
"2002-09","Canada","2016A000011124","Manufacturing [31-33]","Index, 202001=100","403","units","0","v1230996350","1.1","78.0","","","","1"
"2002-10","Canada","2016A000011124","Manufacturing [31-33]","Index, 202001=100","403","units","0","v1230996350","1.1","78.2","","","","1"
"2002-11","Canada","2016A000011124","Manufacturing [31-33]","Index, 202001=100","403","units","0","v1230996350","1.1","77.9","","","","1"
"2002-12","Canada","2016A000011124","Manufacturing [31-33]","Index, 202001=100","403","units","0","v1230996350","1.1","77.7","","","","1"
"2003-01","Canada","2016A000011124","Manufacturing [31-33]","Index, 202001=100","403","units","0","v1230996350","1.1","78.1","","","","1"
"2003-02","Canada","2016A000011124","Manufacturing [31-33]","Index, 202001=100","403","units","0","v1230996350","1.1","78.8","","","","1"
"2003-03","Canada","2016A000011124","Manufacturing [31-33]","Index, 202001=100","403","units","0","v1230996350","1.1","78.5","","","","1"
"2003-04","Canada","2016A000011124","Manufacturing [31-33]","Index, 202001=100","403","units","0","v1230996350","1.1","77.1","","","","1"
"2003-05","Canada","2016A000011124","Manufacturing [31-33]","Index, 202001=100","403","units","0","v1230996350","1.1","75.4","","","","1"
"2003-06","Canada","2016A000011124","Manufacturing [31-33]","Index, 202001=100","403","units","0","v1230996350","1.1","74.8","","","","1"
"2003-07","Canada","2016A000011124","Manufacturing [31-33]","Index, 202001=100","403","units","0","v1230996350","1.1","75.7","","","","1"
"2003-08","Canada","2016A000011124","Manufacturing [31-33]","Index, 202001=100","403","units","0","v1230996350","1.1","76.1","","","","1"
"2003-09","Canada","2016A000011124","Manufacturing [31-33]","Index, 202001=100","403","units","0","v1230996350","1.1","76.1","","","","1"
"2003-10","Canada","2016A000011124","Manufacturing [31-33]","Index, 202001=100","403","units","0","v1230996350","1.1","75.1","","","","1"
"2003-11","Canada","2016A000011124","Manufacturing [31-33]","Index, 202001=100","403","units","0","v1230996350","1.1","74.8","","","","1"
"2003-12","Canada","2016A000011124","Manufacturing [31-33]","Index, 202001=100","403","units","0","v1230996350","1.1","75.0","","","","1"
"2004-01","Canada","2016A000011124","Manufacturing [31-33]","Index, 202001=100","403","units","0","v1230996350","1.1","75.6","","","","1"
"2004-02","Canada","2016A000011124","Manufacturing [31-33]","Index, 202001=100","403","units","0","v1230996350","1.1","77.3","","","","1"
"2004-03","Canada","2016A000011124","Manufacturing [31-33]","Index, 202001=100","403","units","0","v1230996350","1.1","77.8","","","","1"
"2004-04","Canada","2016A000011124","Manufacturing [31-33]","Index, 202001=100","403","units","0","v1230996350","1.1","78.8","","","","1"
"2004-05","Canada","2016A000011124","Manufacturing [31-33]","Index, 202001=100","403","units","0","v1230996350","1.1","80.4","","","","1"
"2004-06","Canada","2016A000011124","Manufacturing [31-33]","Index, 202001=100","403","units","0","v1230996350","1.1","80.0","","","","1"
"2004-07","Canada","2016A000011124","Manufacturing [31-33]","Index, 202001=100","403","units","0","v1230996350","1.1","79.8","","","","1"
"2004-08","Canada","2016A000011124","Manufacturing [31-33]","Index, 202001=100","403","units","0","v1230996350","1.1","80.2","","","","1"
"2004-09","Canada","2016A000011124","Manufacturing [31-33]","Index, 202001=100","403","units","0","v1230996350","1.1","79.8","","","","1"
"2004-10","Canada","2016A000011124","Manufacturing [31-33]","Index, 202001=100","403","units","0","v1230996350","1.1","79.3","","","","1"
"2004-11","Canada","2016A000011124","Manufacturing [31-33]","Index, 202001=100","403","units","0","v1230996350","1.1","77.8","","","","1"
"2004-12","Canada","2016A000011124","Manufacturing [31-33]","Index, 202001=100","403","units","0","v1230996350","1.1","77.9","","","","1"
"2005-01","Canada","2016A000011124","Manufacturing [31-33]","Index, 202001=100","403","units","0","v1230996350","1.1","78.6","","","","1"
"2005-02","Canada","2016A000011124","Manufacturing [31-33]","Index, 202001=100","403","units","0","v1230996350","1.1","79.6","","","","1"
"2005-03","Canada","2016A000011124","Manufacturing [31-33]","Index, 202001=100","403","units","0","v1230996350","1.1","80.0","","","","1"
"2005-04","Canada","2016A000011124","Manufacturing [31-33]","Index, 202001=100","403","units","0","v1230996350","1.1","80.3","","","","1"
"2005-05","Canada","2016A000011124","Manufacturing [31-33]","Index, 202001=100","403","units","0","v1230996350","1.1","80.2","","","","1"
"2005-06","Canada","2016A000011124","Manufacturing [31-33]","Index, 202001=100","403","units","0","v1230996350","1.1","80.0","","","","1"
"2005-07","Canada","2016A000011124","Manufacturing [31-33]","Index, 202001=100","403","units","0","v1230996350","1.1","79.8","","","","1"
"2005-08","Canada","2016A000011124","Manufacturing [31-33]","Index, 202001=100","403","units","0","v1230996350","1.1","80.1","","","","1"
"2005-09","Canada","2016A000011124","Manufacturing [31-33]","Index, 202001=100","403","units","0","v1230996350","1.1","80.7","","","","1"
"2005-10","Canada","2016A000011124","Manufacturing [31-33]","Index, 202001=100","403","units","0","v1230996350","1.1","80.8","","","","1"
"2005-11","Canada","2016A000011124","Manufacturing [31-33]","Index, 202001=100","403","units","0","v1230996350","1.1","80.2","","","","1"
"2005-12","Canada","2016A000011124","Manufacturing [31-33]","Index, 202001=100","403","units","0","v1230996350","1.1","80.0","","","","1"
"2006-01","Canada","2016A000011124","Manufacturing [31-33]","Index, 202001=100","403","units","0","v1230996350","1.1","80.6","","","","1"
"2006-02","Canada","2016A000011124","Manufacturing [31-33]","Index, 202001=100","403","units","0","v1230996350","1.1","80.2","","","","1"
"2006-03","Canada","2016A000011124","Manufacturing [31-33]","Index, 202001=100","403","units","0","v1230996350","1.1","81.0","","","","1"
"2006-04","Canada","2016A000011124","Manufacturing [31-33]","Index, 202001=100","403","units","0","v1230996350","1.1","82.0","","","","1"
"2006-05","Canada","2016A000011124","Manufacturing [31-33]","Index, 202001=100","403","units","0","v1230996350","1.1","82.2","","","","1"
"2006-06","Canada","2016A000011124","Manufacturing [31-33]","Index, 202001=100","403","units","0","v1230996350","1.1","82.1","","","","1"
"2006-07","Canada","2016A000011124","Manufacturing [31-33]","Index, 202001=100","403","units","0","v1230996350","1.1","83.5","","","","1"
"2006-08","Canada","2016A000011124","Manufacturing [31-33]","Index, 202001=100","403","units","0","v1230996350","1.1","82.9","","","","1"
"2006-09","Canada","2016A000011124","Manufacturing [31-33]","Index, 202001=100","403","units","0","v1230996350","1.1","81.6","","","","1"
"2006-10","Canada","2016A000011124","Manufacturing [31-33]","Index, 202001=100","403","units","0","v1230996350","1.1","81.5","","","","1"
"2006-11","Canada","2016A000011124","Manufacturing [31-33]","Index, 202001=100","403","units","0","v1230996350","1.1","81.6","","","","1"
"2006-12","Canada","2016A000011124","Manufacturing [31-33]","Index, 202001=100","403","units","0","v1230996350","1.1","82.7","","","","1"
"2007-01","Canada","2016A000011124","Manufacturing [31-33]","Index, 202001=100","403","units","0","v1230996350","1.1","82.9","","","","1"
"2007-02","Canada","2016A000011124","Manufacturing [31-33]","Index, 202001=100","403","units","0","v1230996350","1.1","83.7","","","","1"
"2007-03","Canada","2016A000011124","Manufacturing [31-33]","Index, 202001=100","403","units","0","v1230996350","1.1","84.9","","","","1"
"2007-04","Canada","2016A000011124","Manufacturing [31-33]","Index, 202001=100","403","units","0","v1230996350","1.1","85.1","","","","1"
"2007-05","Canada","2016A000011124","Manufacturing [31-33]","Index, 202001=100","403","units","0","v1230996350","1.1","84.8","","","","1"
"2007-06","Canada","2016A000011124","Manufacturing [31-33]","Index, 202001=100","403","units","0","v1230996350","1.1","83.8","","","","1"
"2007-07","Canada","2016A000011124","Manufacturing [31-33]","Index, 202001=100","403","units","0","v1230996350","1.1","83.3","","","","1"
"2007-08","Canada","2016A000011124","Manufacturing [31-33]","Index, 202001=100","403","units","0","v1230996350","1.1","82.5","","","","1"
"2007-09","Canada","2016A000011124","Manufacturing [31-33]","Index, 202001=100","403","units","0","v1230996350","1.1","81.8","","","","1"
"2007-10","Canada","2016A000011124","Manufacturing [31-33]","Index, 202001=100","403","units","0","v1230996350","1.1","80.8","","","","1"
"2007-11","Canada","2016A000011124","Manufacturing [31-33]","Index, 202001=100","403","units","0","v1230996350","1.1","81.3","","","","1"
"2007-12","Canada","2016A000011124","Manufacturing [31-33]","Index, 202001=100","403","units","0","v1230996350","1.1","82.3","","","","1"
"2008-01","Canada","2016A000011124","Manufacturing [31-33]","Index, 202001=100","403","units","0","v1230996350","1.1","83.2","","","","1"
"2008-02","Canada","2016A000011124","Manufacturing [31-33]","Index, 202001=100","403","units","0","v1230996350","1.1","83.2","","","","1"
"2008-03","Canada","2016A000011124","Manufacturing [31-33]","Index, 202001=100","403","units","0","v1230996350","1.1","84.9","","","","1"
"2008-04","Canada","2016A000011124","Manufacturing [31-33]","Index, 202001=100","403","units","0","v1230996350","1.1","86.3","","","","1"
"2008-05","Canada","2016A000011124","Manufacturing [31-33]","Index, 202001=100","403","units","0","v1230996350","1.1","87.2","","","","1"
"2008-06","Canada","2016A000011124","Manufacturing [31-33]","Index, 202001=100","403","units","0","v1230996350","1.1","88.8","","","","1"
"2008-07","Canada","2016A000011124","Manufacturing [31-33]","Index, 202001=100","403","units","0","v1230996350","1.1","89.6","","","","1"
"2008-08","Canada","2016A000011124","Manufacturing [31-33]","Index, 202001=100","403","units","0","v1230996350","1.1","89.8","","","","1"
"2008-09","Canada","2016A000011124","Manufacturing [31-33]","Index, 202001=100","403","units","0","v1230996350","1.1","88.8","","","","1"
"2008-10","Canada","2016A000011124","Manufacturing [31-33]","Index, 202001=100","403","units","0","v1230996350","1.1","88.7","","","","1"
"2008-11","Canada","2016A000011124","Manufacturing [31-33]","Index, 202001=100","403","units","0","v1230996350","1.1","86.1","","","","1"
"2008-12","Canada","2016A000011124","Manufacturing [31-33]","Index, 202001=100","403","units","0","v1230996350","1.1","83.9","","","","1"
"2009-01","Canada","2016A000011124","Manufacturing [31-33]","Index, 202001=100","403","units","0","v1230996350","1.1","83.9","","","","1"
"2009-02","Canada","2016A000011124","Manufacturing [31-33]","Index, 202001=100","403","units","0","v1230996350","1.1","84.3","","","","1"
"2009-03","Canada","2016A000011124","Manufacturing [31-33]","Index, 202001=100","403","units","0","v1230996350","1.1","84.6","","","","1"
"2009-04","Canada","2016A000011124","Manufacturing [31-33]","Index, 202001=100","403","units","0","v1230996350","1.1","84.3","","","","1"
"2009-05","Canada","2016A000011124","Manufacturing [31-33]","Index, 202001=100","403","units","0","v1230996350","1.1","83.3","","","","1"
"2009-06","Canada","2016A000011124","Manufacturing [31-33]","Index, 202001=100","403","units","0","v1230996350","1.1","83.7","","","","1"
"2009-07","Canada","2016A000011124","Manufacturing [31-33]","Index, 202001=100","403","units","0","v1230996350","1.1","83.2","","","","1"
"2009-08","Canada","2016A000011124","Manufacturing [31-33]","Index, 202001=100","403","units","0","v1230996350","1.1","83.6","","","","1"
"2009-09","Canada","2016A000011124","Manufacturing [31-33]","Index, 202001=100","403","units","0","v1230996350","1.1","83.2","","","","1"
"2009-10","Canada","2016A000011124","Manufacturing [31-33]","Index, 202001=100","403","units","0","v1230996350","1.1","82.9","","","","1"
"2009-11","Canada","2016A000011124","Manufacturing [31-33]","Index, 202001=100","403","units","0","v1230996350","1.1","83.6","","","","1"
"2009-12","Canada","2016A000011124","Manufacturing [31-33]","Index, 202001=100","403","units","0","v1230996350","1.1","83.6","","","","1"
"2010-01","Canada","2016A000011124","Manufacturing [31-33]","Index, 202001=100","403","units","0","v1230996350","1.1","84.1","","","","1"
"2010-02","Canada","2016A000011124","Manufacturing [31-33]","Index, 202001=100","403","units","0","v1230996350","1.1","84.1","","","","1"
"2010-03","Canada","2016A000011124","Manufacturing [31-33]","Index, 202001=100","403","units","0","v1230996350","1.1","84.1","","","","1"
"2010-04","Canada","2016A000011124","Manufacturing [31-33]","Index, 202001=100","403","units","0","v1230996350","1.1","84.5","","","","1"
"2010-05","Canada","2016A000011124","Manufacturing [31-33]","Index, 202001=100","403","units","0","v1230996350","1.1","84.8","","","","1"
"2010-06","Canada","2016A000011124","Manufacturing [31-33]","Index, 202001=100","403","units","0","v1230996350","1.1","84.2","","","","1"
"2010-07","Canada","2016A000011124","Manufacturing [31-33]","Index, 202001=100","403","units","0","v1230996350","1.1","84.1","","","","1"
"2010-08","Canada","2016A000011124","Manufacturing [31-33]","Index, 202001=100","403","units","0","v1230996350","1.1","84.4","","","","1"
"2010-09","Canada","2016A000011124","Manufacturing [31-33]","Index, 202001=100","403","units","0","v1230996350","1.1","85.1","","","","1"
"2010-10","Canada","2016A000011124","Manufacturing [31-33]","Index, 202001=100","403","units","0","v1230996350","1.1","85.8","","","","1"
"2010-11","Canada","2016A000011124","Manufacturing [31-33]","Index, 202001=100","403","units","0","v1230996350","1.1","86.6","","","","1"
"2010-12","Canada","2016A000011124","Manufacturing [31-33]","Index, 202001=100","403","units","0","v1230996350","1.1","87.4","","","","1"
"2011-01","Canada","2016A000011124","Manufacturing [31-33]","Index, 202001=100","403","units","0","v1230996350","1.1","88.0","","","","1"
"2011-02","Canada","2016A000011124","Manufacturing [31-33]","Index, 202001=100","403","units","0","v1230996350","1.1","89.0","","","","1"
"2011-03","Canada","2016A000011124","Manufacturing [31-33]","Index, 202001=100","403","units","0","v1230996350","1.1","90.5","","","","1"
"2011-04","Canada","2016A000011124","Manufacturing [31-33]","Index, 202001=100","403","units","0","v1230996350","1.1","91.4","","","","1"
"2011-05","Canada","2016A000011124","Manufacturing [31-33]","Index, 202001=100","403","units","0","v1230996350","1.1","91.0","","","","1"
"2011-06","Canada","2016A000011124","Manufacturing [31-33]","Index, 202001=100","403","units","0","v1230996350","1.1","91.0","","","","1"
"2011-07","Canada","2016A000011124","Manufacturing [31-33]","Index, 202001=100","403","units","0","v1230996350","1.1","91.0","","","","1"
"2011-08","Canada","2016A000011124","Manufacturing [31-33]","Index, 202001=100","403","units","0","v1230996350","1.1","91.7","","","","1"
"2011-09","Canada","2016A000011124","Manufacturing [31-33]","Index, 202001=100","403","units","0","v1230996350","1.1","92.1","","","","1"
"2011-10","Canada","2016A000011124","Manufacturing [31-33]","Index, 202001=100","403","units","0","v1230996350","1.1","91.5","","","","1"
"2011-11","Canada","2016A000011124","Manufacturing [31-33]","Index, 202001=100","403","units","0","v1230996350","1.1","91.8","","","","1"
"2011-12","Canada","2016A000011124","Manufacturing [31-33]","Index, 202001=100","403","units","0","v1230996350","1.1","90.9","","","","1"
"2012-01","Canada","2016A000011124","Manufacturing [31-33]","Index, 202001=100","403","units","0","v1230996350","1.1","91.4","","","","1"
"2012-02","Canada","2016A000011124","Manufacturing [31-33]","Index, 202001=100","403","units","0","v1230996350","1.1","92.1","","","","1"
"2012-03","Canada","2016A000011124","Manufacturing [31-33]","Index, 202001=100","403","units","0","v1230996350","1.1","92.6","","","","1"
"2012-04","Canada","2016A000011124","Manufacturing [31-33]","Index, 202001=100","403","units","0","v1230996350","1.1","92.7","","","","1"
"2012-05","Canada","2016A000011124","Manufacturing [31-33]","Index, 202001=100","403","units","0","v1230996350","1.1","92.0","","","","1"
"2012-06","Canada","2016A000011124","Manufacturing [31-33]","Index, 202001=100","403","units","0","v1230996350","1.1","91.5","","","","1"
"2012-07","Canada","2016A000011124","Manufacturing [31-33]","Index, 202001=100","403","units","0","v1230996350","1.1","91.1","","","","1"
"2012-08","Canada","2016A000011124","Manufacturing [31-33]","Index, 202001=100","403","units","0","v1230996350","1.1","91.2","","","","1"
"2012-09","Canada","2016A000011124","Manufacturing [31-33]","Index, 202001=100","403","units","0","v1230996350","1.1","92.2","","","","1"
"2012-10","Canada","2016A000011124","Manufacturing [31-33]","Index, 202001=100","403","units","0","v1230996350","1.1","92.0","","","","1"
"2012-11","Canada","2016A000011124","Manufacturing [31-33]","Index, 202001=100","403","units","0","v1230996350","1.1","91.7","","","","1"
"2012-12","Canada","2016A000011124","Manufacturing [31-33]","Index, 202001=100","403","units","0","v1230996350","1.1","91.4","","","","1"
"2013-01","Canada","2016A000011124","Manufacturing [31-33]","Index, 202001=100","403","units","0","v1230996350","1.1","91.8","","","","1"
"2013-02","Canada","2016A000011124","Manufacturing [31-33]","Index, 202001=100","403","units","0","v1230996350","1.1","93.1","","","","1"
"2013-03","Canada","2016A000011124","Manufacturing [31-33]","Index, 202001=100","403","units","0","v1230996350","1.1","92.9","","","","1"
"2013-04","Canada","2016A000011124","Manufacturing [31-33]","Index, 202001=100","403","units","0","v1230996350","1.1","91.9","","","","1"
"2013-05","Canada","2016A000011124","Manufacturing [31-33]","Index, 202001=100","403","units","0","v1230996350","1.1","91.8","","","","1"
"2013-06","Canada","2016A000011124","Manufacturing [31-33]","Index, 202001=100","403","units","0","v1230996350","1.1","92.0","","","","1"
"2013-07","Canada","2016A000011124","Manufacturing [31-33]","Index, 202001=100","403","units","0","v1230996350","1.1","92.1","","","","1"
"2013-08","Canada","2016A000011124","Manufacturing [31-33]","Index, 202001=100","403","units","0","v1230996350","1.1","92.5","","","","1"
"2013-09","Canada","2016A000011124","Manufacturing [31-33]","Index, 202001=100","403","units","0","v1230996350","1.1","92.2","","","","1"
"2013-10","Canada","2016A000011124","Manufacturing [31-33]","Index, 202001=100","403","units","0","v1230996350","1.1","91.8","","","","1"
"2013-11","Canada","2016A000011124","Manufacturing [31-33]","Index, 202001=100","403","units","0","v1230996350","1.1","91.9","","","","1"
"2013-12","Canada","2016A000011124","Manufacturing [31-33]","Index, 202001=100","403","units","0","v1230996350","1.1","92.6","","","","1"
"2014-01","Canada","2016A000011124","Manufacturing [31-33]","Index, 202001=100","403","units","0","v1230996350","1.1","94.0","","","","1"
"2014-02","Canada","2016A000011124","Manufacturing [31-33]","Index, 202001=100","403","units","0","v1230996350","1.1","95.1","","","","1"
"2014-03","Canada","2016A000011124","Manufacturing [31-33]","Index, 202001=100","403","units","0","v1230996350","1.1","95.6","","","","1"
"2014-04","Canada","2016A000011124","Manufacturing [31-33]","Index, 202001=100","403","units","0","v1230996350","1.1","95.4","","","","1"
"2014-05","Canada","2016A000011124","Manufacturing [31-33]","Index, 202001=100","403","units","0","v1230996350","1.1","94.8","","","","1"
"2014-06","Canada","2016A000011124","Manufacturing [31-33]","Index, 202001=100","403","units","0","v1230996350","1.1","94.9","","","","1"
"2014-07","Canada","2016A000011124","Manufacturing [31-33]","Index, 202001=100","403","units","0","v1230996350","1.1","94.7","","","","1"
"2014-08","Canada","2016A000011124","Manufacturing [31-33]","Index, 202001=100","403","units","0","v1230996350","1.1","94.9","","","","1"
"2014-09","Canada","2016A000011124","Manufacturing [31-33]","Index, 202001=100","403","units","0","v1230996350","1.1","94.6","","","","1"
"2014-10","Canada","2016A000011124","Manufacturing [31-33]","Index, 202001=100","403","units","0","v1230996350","1.1","94.0","","","","1"
"2014-11","Canada","2016A000011124","Manufacturing [31-33]","Index, 202001=100","403","units","0","v1230996350","1.1","93.7","","","","1"
"2014-12","Canada","2016A000011124","Manufacturing [31-33]","Index, 202001=100","403","units","0","v1230996350","1.1","92.2","","","","1"
"2015-01","Canada","2016A000011124","Manufacturing [31-33]","Index, 202001=100","403","units","0","v1230996350","1.1","92.0","","","","1"
"2015-02","Canada","2016A000011124","Manufacturing [31-33]","Index, 202001=100","403","units","0","v1230996350","1.1","93.8","","","","1"
"2015-03","Canada","2016A000011124","Manufacturing [31-33]","Index, 202001=100","403","units","0","v1230996350","1.1","94.0","","","","1"
"2015-04","Canada","2016A000011124","Manufacturing [31-33]","Index, 202001=100","403","units","0","v1230996350","1.1","93.2","","","","1"
"2015-05","Canada","2016A000011124","Manufacturing [31-33]","Index, 202001=100","403","units","0","v1230996350","1.1","93.7","","","","1"
"2015-06","Canada","2016A000011124","Manufacturing [31-33]","Index, 202001=100","403","units","0","v1230996350","1.1","94.2","","","","1"
"2015-07","Canada","2016A000011124","Manufacturing [31-33]","Index, 202001=100","403","units","0","v1230996350","1.1","94.9","","","","1"
"2015-08","Canada","2016A000011124","Manufacturing [31-33]","Index, 202001=100","403","units","0","v1230996350","1.1","94.5","","","","1"
"2015-09","Canada","2016A000011124","Manufacturing [31-33]","Index, 202001=100","403","units","0","v1230996350","1.1","94.1","","","","1"
"2015-10","Canada","2016A000011124","Manufacturing [31-33]","Index, 202001=100","403","units","0","v1230996350","1.1","93.7","","","","1"
"2015-11","Canada","2016A000011124","Manufacturing [31-33]","Index, 202001=100","403","units","0","v1230996350","1.1","93.4","","","","1"
"2015-12","Canada","2016A000011124","Manufacturing [31-33]","Index, 202001=100","403","units","0","v1230996350","1.1","93.2","","","","1"
"2016-01","Canada","2016A000011124","Manufacturing [31-33]","Index, 202001=100","403","units","0","v1230996350","1.1","93.6","","","","1"
"2016-02","Canada","2016A000011124","Manufacturing [31-33]","Index, 202001=100","403","units","0","v1230996350","1.1","92.7","","","","1"
"2016-03","Canada","2016A000011124","Manufacturing [31-33]","Index, 202001=100","403","units","0","v1230996350","1.1","92.1","","","","1"
"2016-04","Canada","2016A000011124","Manufacturing [31-33]","Index, 202001=100","403","units","0","v1230996350","1.1","91.7","","","","1"
"2016-05","Canada","2016A000011124","Manufacturing [31-33]","Index, 202001=100","403","units","0","v1230996350","1.1","92.7","","","","1"
"2016-06","Canada","2016A000011124","Manufacturing [31-33]","Index, 202001=100","403","units","0","v1230996350","1.1","93.5","","","","1"
"2016-07","Canada","2016A000011124","Manufacturing [31-33]","Index, 202001=100","403","units","0","v1230996350","1.1","93.8","","","","1"
"2016-08","Canada","2016A000011124","Manufacturing [31-33]","Index, 202001=100","403","units","0","v1230996350","1.1","93.5","","","","1"
"2016-09","Canada","2016A000011124","Manufacturing [31-33]","Index, 202001=100","403","units","0","v1230996350","1.1","93.8","","","","1"
"2016-10","Canada","2016A000011124","Manufacturing [31-33]","Index, 202001=100","403","units","0","v1230996350","1.1","94.6","","","","1"
"2016-11","Canada","2016A000011124","Manufacturing [31-33]","Index, 202001=100","403","units","0","v1230996350","1.1","95.0","","","","1"
"2016-12","Canada","2016A000011124","Manufacturing [31-33]","Index, 202001=100","403","units","0","v1230996350","1.1","95.2","","","","1"
"2017-01","Canada","2016A000011124","Manufacturing [31-33]","Index, 202001=100","403","units","0","v1230996350","1.1","95.9","","","","1"
"2017-02","Canada","2016A000011124","Manufacturing [31-33]","Index, 202001=100","403","units","0","v1230996350","1.1","96.1","","","","1"
"2017-03","Canada","2016A000011124","Manufacturing [31-33]","Index, 202001=100","403","units","0","v1230996350","1.1","96.9","","","","1"
"2017-04","Canada","2016A000011124","Manufacturing [31-33]","Index, 202001=100","403","units","0","v1230996350","1.1","97.4","","","","1"
"2017-05","Canada","2016A000011124","Manufacturing [31-33]","Index, 202001=100","403","units","0","v1230996350","1.1","97.6","","","","1"
"2017-06","Canada","2016A000011124","Manufacturing [31-33]","Index, 202001=100","403","units","0","v1230996350","1.1","96.5","","","","1"
"2017-07","Canada","2016A000011124","Manufacturing [31-33]","Index, 202001=100","403","units","0","v1230996350","1.1","95.1","","","","1"
"2017-08","Canada","2016A000011124","Manufacturing [31-33]","Index, 202001=100","403","units","0","v1230996350","1.1","95.4","","","","1"
"2017-09","Canada","2016A000011124","Manufacturing [31-33]","Index, 202001=100","403","units","0","v1230996350","1.1","95.1","","","","1"
"2017-10","Canada","2016A000011124","Manufacturing [31-33]","Index, 202001=100","403","units","0","v1230996350","1.1","96.1","","","","1"
"2017-11","Canada","2016A000011124","Manufacturing [31-33]","Index, 202001=100","403","units","0","v1230996350","1.1","97.6","","","","1"
"2017-12","Canada","2016A000011124","Manufacturing [31-33]","Index, 202001=100","403","units","0","v1230996350","1.1","97.5","","","","1"
"2018-01","Canada","2016A000011124","Manufacturing [31-33]","Index, 202001=100","403","units","0","v1230996350","1.1","98.1","","","","1"
"2018-02","Canada","2016A000011124","Manufacturing [31-33]","Index, 202001=100","403","units","0","v1230996350","1.1","98.3","","","","1"
"2018-03","Canada","2016A000011124","Manufacturing [31-33]","Index, 202001=100","403","units","0","v1230996350","1.1","99.2","","","","1"
"2018-04","Canada","2016A000011124","Manufacturing [31-33]","Index, 202001=100","403","units","0","v1230996350","1.1","99.8","","","","1"
"2018-05","Canada","2016A000011124","Manufacturing [31-33]","Index, 202001=100","403","units","0","v1230996350","1.1","101.0","","","","1"
"2018-06","Canada","2016A000011124","Manufacturing [31-33]","Index, 202001=100","403","units","0","v1230996350","1.1","101.6","","","","1"
"2018-07","Canada","2016A000011124","Manufacturing [31-33]","Index, 202001=100","403","units","0","v1230996350","1.1","101.3","","","","1"
"2018-08","Canada","2016A000011124","Manufacturing [31-33]","Index, 202001=100","403","units","0","v1230996350","1.1","100.8","","","","1"
"2018-09","Canada","2016A000011124","Manufacturing [31-33]","Index, 202001=100","403","units","0","v1230996350","1.1","101.0","","","","1"
"2018-10","Canada","2016A000011124","Manufacturing [31-33]","Index, 202001=100","403","units","0","v1230996350","1.1","101.1","","","","1"
"2018-11","Canada","2016A000011124","Manufacturing [31-33]","Index, 202001=100","403","units","0","v1230996350","1.1","100.2","","","","1"
"2018-12","Canada","2016A000011124","Manufacturing [31-33]","Index, 202001=100","403","units","0","v1230996350","1.1","99.5","","","","1"
"2019-01","Canada","2016A000011124","Manufacturing [31-33]","Index, 202001=100","403","units","0","v1230996350","1.1","99.1","","","","1"
"2019-02","Canada","2016A000011124","Manufacturing [31-33]","Index, 202001=100","403","units","0","v1230996350","1.1","99.4","","","","1"
"2019-03","Canada","2016A000011124","Manufacturing [31-33]","Index, 202001=100","403","units","0","v1230996350","1.1","100.6","","","","1"
"2019-04","Canada","2016A000011124","Manufacturing [31-33]","Index, 202001=100","403","units","0","v1230996350","1.1","101.5","","","","1"
"2019-05","Canada","2016A000011124","Manufacturing [31-33]","Index, 202001=100","403","units","0","v1230996350","1.1","101.4","","","","1"
"2019-06","Canada","2016A000011124","Manufacturing [31-33]","Index, 202001=100","403","units","0","v1230996350","1.1","99.9","","","","1"
"2019-07","Canada","2016A000011124","Manufacturing [31-33]","Index, 202001=100","403","units","0","v1230996350","1.1","99.6","","","","1"
"2019-08","Canada","2016A000011124","Manufacturing [31-33]","Index, 202001=100","403","units","0","v1230996350","1.1","99.8","","","","1"
"2019-09","Canada","2016A000011124","Manufacturing [31-33]","Index, 202001=100","403","units","0","v1230996350","1.1","99.7","","","","1"
"2019-10","Canada","2016A000011124","Manufacturing [31-33]","Index, 202001=100","403","units","0","v1230996350","1.1","99.7","","","","1"
"2019-11","Canada","2016A000011124","Manufacturing [31-33]","Index, 202001=100","403","units","0","v1230996350","1.1","99.8","","","","1"
"2019-12","Canada","2016A000011124","Manufacturing [31-33]","Index, 202001=100","403","units","0","v1230996350","1.1","100.0","","","","1"
"2020-01","Canada","2016A000011124","Manufacturing [31-33]","Index, 202001=100","403","units","0","v1230996350","1.1","100.0","","","","1"
"2020-02","Canada","2016A000011124","Manufacturing [31-33]","Index, 202001=100","403","units","0","v1230996350","1.1","100.0","","","","1"
"2020-03","Canada","2016A000011124","Manufacturing [31-33]","Index, 202001=100","403","units","0","v1230996350","1.1","98.9","","","","1"
"2020-04","Canada","2016A000011124","Manufacturing [31-33]","Index, 202001=100","403","units","0","v1230996350","1.1","97.0","","","","1"
"2020-05","Canada","2016A000011124","Manufacturing [31-33]","Index, 202001=100","403","units","0","v1230996350","1.1","97.9","","","","1"
"2020-06","Canada","2016A000011124","Manufacturing [31-33]","Index, 202001=100","403","units","0","v1230996350","1.1","98.0","","","","1"
"2020-07","Canada","2016A000011124","Manufacturing [31-33]","Index, 202001=100","403","units","0","v1230996350","1.1","99.1","","","","1"
"2020-08","Canada","2016A000011124","Manufacturing [31-33]","Index, 202001=100","403","units","0","v1230996350","1.1","100.1","","","","1"
"2020-09","Canada","2016A000011124","Manufacturing [31-33]","Index, 202001=100","403","units","0","v1230996350","1.1","100.8","","","","1"
"2020-10","Canada","2016A000011124","Manufacturing [31-33]","Index, 202001=100","403","units","0","v1230996350","1.1","100.9","","","","1"
"2020-11","Canada","2016A000011124","Manufacturing [31-33]","Index, 202001=100","403","units","0","v1230996350","1.1","100.5","","","","1"
"2020-12","Canada","2016A000011124","Manufacturing [31-33]","Index, 202001=100","403","units","0","v1230996350","1.1","102.1","","","","1"
"2021-01","Canada","2016A000011124","Manufacturing [31-33]","Index, 202001=100","403","units","0","v1230996350","1.1","104.3","","","","1"
"2021-02","Canada","2016A000011124","Manufacturing [31-33]","Index, 202001=100","403","units","0","v1230996350","1.1","107.4","","","","1"
"2021-03","Canada","2016A000011124","Manufacturing [31-33]","Index, 202001=100","403","units","0","v1230996350","1.1","109.2","","","","1"
"2021-04","Canada","2016A000011124","Manufacturing [31-33]","Index, 202001=100","403","units","0","v1230996350","1.1","111.5","","","","1"
"2021-05","Canada","2016A000011124","Manufacturing [31-33]","Index, 202001=100","403","units","0","v1230996350","1.1","114.8","","","","1"
"2021-06","Canada","2016A000011124","Manufacturing [31-33]","Index, 202001=100","403","units","0","v1230996350","1.1","115.0","","","","1"
"2021-07","Canada","2016A000011124","Manufacturing [31-33]","Index, 202001=100","403","units","0","v1230996350","1.1","115.0","","","","1"
"2021-08","Canada","2016A000011124","Manufacturing [31-33]","Index, 202001=100","403","units","0","v1230996350","1.1","114.6","","","","1"
"2021-09","Canada","2016A000011124","Manufacturing [31-33]","Index, 202001=100","403","units","0","v1230996350","1.1","116.0","","","","1"
"2021-10","Canada","2016A000011124","Manufacturing [31-33]","Index, 202001=100","403","units","0","v1230996350","1.1","117.6","","","","1"
"2021-11","Canada","2016A000011124","Manufacturing [31-33]","Index, 202001=100","403","units","0","v1230996350","1.1","117.6","","","","1"
"2021-12","Canada","2016A000011124","Manufacturing [31-33]","Index, 202001=100","403","units","0","v1230996350","1.1","118.2","","","","1"
"2022-01","Canada","2016A000011124","Manufacturing [31-33]","Index, 202001=100","403","units","0","v1230996350","1.1","121.3","","","","1"
"2022-02","Canada","2016A000011124","Manufacturing [31-33]","Index, 202001=100","403","units","0","v1230996350","1.1","124.6","","","","1"
"2022-03","Canada","2016A000011124","Manufacturing [31-33]","Index, 202001=100","403","units","0","v1230996350","1.1","129.0","","","","1"
"2022-04","Canada","2016A000011124","Manufacturing [31-33]","Index, 202001=100","403","units","0","v1230996350","1.1","130.5","","","","1"
"2022-05","Canada","2016A000011124","Manufacturing [31-33]","Index, 202001=100","403","units","0","v1230996350","1.1","132.7","","","","1"
"2022-06","Canada","2016A000011124","Manufacturing [31-33]","Index, 202001=100","403","units","0","v1230996350","1.1","131.6","","","","1"
"2022-07","Canada","2016A000011124","Manufacturing [31-33]","Index, 202001=100","403","units","0","v1230996350","1.1","128.4","","","","1"
"2022-08","Canada","2016A000011124","Manufacturing [31-33]","Index, 202001=100","403","units","0","v1230996350","1.1","126.5","","","","1"
"2022-09","Canada","2016A000011124","Manufacturing [31-33]","Index, 202001=100","403","units","0","v1230996350","1.1","126.3","","","","1"
"2022-10","Canada","2016A000011124","Manufacturing [31-33]","Index, 202001=100","403","units","0","v1230996350","1.1","129.2","","","","1"
"2022-11","Canada","2016A000011124","Manufacturing [31-33]","Index, 202001=100","403","units","0","v1230996350","1.1","128.2","","","","1"
"2022-12","Canada","2016A000011124","Manufacturing [31-33]","Index, 202001=100","403","units","0","v1230996350","1.1","127.1","","","","1"
"2023-01","Canada","2016A000011124","Manufacturing [31-33]","Index, 202001=100","403","units","0","v1230996350","1.1","127.1","","","","1"
"2023-02","Canada","2016A000011124","Manufacturing [31-33]","Index, 202001=100","403","units","0","v1230996350","1.1","126.4","","","","1"
"2023-03","Canada","2016A000011124","Manufacturing [31-33]","Index, 202001=100","403","units","0","v1230996350","1.1","126.2","","","","1"
"2023-04","Canada","2016A000011124","Manufacturing [31-33]","Index, 202001=100","403","units","0","v1230996350","1.1","125.9","","","","1"
"2023-05","Canada","2016A000011124","Manufacturing [31-33]","Index, 202001=100","403","units","0","v1230996350","1.1","125.2","","","","1"
"2023-06","Canada","2016A000011124","Manufacturing [31-33]","Index, 202001=100","403","units","0","v1230996350","1.1","124.3","","","","1"
"2023-07","Canada","2016A000011124","Manufacturing [31-33]","Index, 202001=100","403","units","0","v1230996350","1.1","124.3","","","","1"
"2023-08","Canada","2016A000011124","Manufacturing [31-33]","Index, 202001=100","403","units","0","v1230996350","1.1","126.5","","","","1"
"2023-09","Canada","2016A000011124","Manufacturing [31-33]","Index, 202001=100","403","units","0","v1230996350","1.1","127.0","","","","1"
"2023-10","Canada","2016A000011124","Manufacturing [31-33]","Index, 202001=100","403","units","0","v1230996350","1.1","125.7","","","","1"


